# SQL Manager 2010 for MySQL 4.5.0.9
# ---------------------------------------
# Host     : localhost
# Port     : 3306
# Database : artcms


/*!40101 SET @OLD_CHARACTER_SET_CLIENT=@@CHARACTER_SET_CLIENT */;
/*!40101 SET @OLD_CHARACTER_SET_RESULTS=@@CHARACTER_SET_RESULTS */;
/*!40101 SET @OLD_COLLATION_CONNECTION=@@COLLATION_CONNECTION */;
/*!40101 SET NAMES utf8 */;

SET FOREIGN_KEY_CHECKS=0;

#
# Structure for the `country` table : 
#

DROP TABLE IF EXISTS `country`;

CREATE TABLE `country` (
  `id` int(11) NOT NULL AUTO_INCREMENT,
  `title` varchar(255) NOT NULL DEFAULT '',
  `abbreviation` char(2) NOT NULL DEFAULT '',
  `phone_code` varchar(32) DEFAULT NULL,
  `tmp` int(11) NOT NULL DEFAULT '0',
  PRIMARY KEY (`id`)
) ENGINE=InnoDB AUTO_INCREMENT=259 DEFAULT CHARSET=utf8;

#
# Structure for the `image` table : 
#

DROP TABLE IF EXISTS `image`;

CREATE TABLE `image` (
  `id` int(11) NOT NULL AUTO_INCREMENT,
  `title` varchar(255) NOT NULL,
  `system_key` varchar(255) NOT NULL,
  `path` varchar(255) NOT NULL,
  PRIMARY KEY (`id`)
) ENGINE=InnoDB DEFAULT CHARSET=utf8;

#
# Structure for the `image_size` table : 
#

DROP TABLE IF EXISTS `image_size`;

CREATE TABLE `image_size` (
  `id` int(11) NOT NULL AUTO_INCREMENT,
  `image_id` int(11) NOT NULL,
  `system_key` varchar(255) NOT NULL,
  `image_width` int(11) DEFAULT NULL,
  `image_height` int(11) DEFAULT NULL,
  `thumbnail_method` int(11) DEFAULT NULL,
  PRIMARY KEY (`id`),
  KEY `image_id` (`image_id`),
  CONSTRAINT `image_size_fk` FOREIGN KEY (`image_id`) REFERENCES `image` (`id`) ON DELETE CASCADE ON UPDATE CASCADE
) ENGINE=InnoDB DEFAULT CHARSET=utf8;

#
# Structure for the `loc_lang` table : 
#

DROP TABLE IF EXISTS `loc_lang`;

CREATE TABLE `loc_lang` (
  `id` int(11) NOT NULL AUTO_INCREMENT,
  `title` varchar(255) NOT NULL,
  `abbreviation` varchar(5) NOT NULL,
  PRIMARY KEY (`id`)
) ENGINE=InnoDB AUTO_INCREMENT=2 DEFAULT CHARSET=utf8;

#
# Structure for the `loc_string` table : 
#

DROP TABLE IF EXISTS `loc_string`;

CREATE TABLE `loc_string` (
  `id` int(11) NOT NULL AUTO_INCREMENT,
  `language_id` int(11) NOT NULL,
  `name` varchar(255) NOT NULL,
  `value` varchar(255) NOT NULL,
  PRIMARY KEY (`id`),
  KEY `language_id` (`language_id`),
  CONSTRAINT `loc_string_fk` FOREIGN KEY (`language_id`) REFERENCES `loc_lang` (`id`) ON DELETE CASCADE ON UPDATE CASCADE
) ENGINE=InnoDB AUTO_INCREMENT=175 DEFAULT CHARSET=utf8;

#
# Structure for the `registry_path` table : 
#

DROP TABLE IF EXISTS `registry_path`;

CREATE TABLE `registry_path` (
  `id` int(11) NOT NULL AUTO_INCREMENT,
  `parent_id` int(11) NOT NULL DEFAULT '0',
  `language_id` int(11) NOT NULL,
  `path` varchar(255) NOT NULL,
  `title` varchar(255) NOT NULL,
  PRIMARY KEY (`id`),
  KEY `language_id` (`language_id`),
  CONSTRAINT `registry_path_fk` FOREIGN KEY (`language_id`) REFERENCES `loc_lang` (`id`) ON DELETE CASCADE ON UPDATE CASCADE
) ENGINE=InnoDB AUTO_INCREMENT=3 DEFAULT CHARSET=utf8;

#
# Structure for the `registry_value` table : 
#

DROP TABLE IF EXISTS `registry_value`;

CREATE TABLE `registry_value` (
  `id` int(11) NOT NULL AUTO_INCREMENT,
  `path_id` int(11) NOT NULL,
  `path` varchar(255) DEFAULT NULL,
  `type` int(11) NOT NULL,
  `required` tinyint(1) NOT NULL DEFAULT '0',
  `title` varchar(255) NOT NULL,
  `value` text,
  PRIMARY KEY (`id`),
  KEY `path_id` (`path_id`),
  CONSTRAINT `registry_value_fk` FOREIGN KEY (`path_id`) REFERENCES `registry_path` (`id`) ON DELETE CASCADE ON UPDATE CASCADE
) ENGINE=InnoDB AUTO_INCREMENT=3 DEFAULT CHARSET=utf8;

#
# Structure for the `registry_meta` table : 
#

DROP TABLE IF EXISTS `registry_meta`;

CREATE TABLE `registry_meta` (
  `value_id` int(11) NOT NULL,
  `type` int(11) NOT NULL,
  `unique_error_mess` tinyint(1) NOT NULL DEFAULT '0',
  `add_info1` varchar(255) DEFAULT NULL,
  `add_info2` varchar(255) DEFAULT NULL,
  `add_info3` varchar(255) DEFAULT NULL,
  KEY `value_id` (`value_id`),
  CONSTRAINT `registry_meta_fk` FOREIGN KEY (`value_id`) REFERENCES `registry_value` (`id`) ON DELETE CASCADE ON UPDATE CASCADE
) ENGINE=InnoDB DEFAULT CHARSET=utf8;

#
# Structure for the `state` table : 
#

DROP TABLE IF EXISTS `state`;

CREATE TABLE `state` (
  `id` int(11) NOT NULL AUTO_INCREMENT,
  `country_id` int(11) DEFAULT NULL,
  `title` varchar(255) NOT NULL DEFAULT '',
  `abbreviation` char(2) DEFAULT '',
  PRIMARY KEY (`id`),
  KEY `country_id` (`country_id`),
  CONSTRAINT `state_fk_new` FOREIGN KEY (`country_id`) REFERENCES `country` (`id`) ON DELETE CASCADE ON UPDATE CASCADE
) ENGINE=InnoDB AUTO_INCREMENT=3637 DEFAULT CHARSET=utf8;

#
# Structure for the `user` table : 
#

DROP TABLE IF EXISTS `user`;

CREATE TABLE `user` (
  `id` int(11) NOT NULL AUTO_INCREMENT,
  `user_role_id` int(11) NOT NULL,
  `status` int(11) NOT NULL DEFAULT '1',
  `email` varchar(255) NOT NULL DEFAULT '',
  `password` varchar(255) NOT NULL DEFAULT '',
  `name` varchar(255) DEFAULT NULL,
  `company` varchar(255) DEFAULT NULL,
  `address` varchar(255) DEFAULT NULL,
  `city` varchar(255) DEFAULT NULL,
  `state_id` int(11) DEFAULT NULL,
  `zip` varchar(6) DEFAULT NULL,
  `create_date` timestamp NOT NULL DEFAULT CURRENT_TIMESTAMP,
  `last_login_date` datetime DEFAULT NULL,
  PRIMARY KEY (`id`),
  UNIQUE KEY `email` (`email`),
  KEY `id_level` (`user_role_id`),
  KEY `state_id` (`state_id`)
) ENGINE=InnoDB AUTO_INCREMENT=3 DEFAULT CHARSET=utf8;

#
# Structure for the `user_role` table : 
#

DROP TABLE IF EXISTS `user_role`;

CREATE TABLE `user_role` (
  `id` int(11) NOT NULL,
  `title` varchar(60) DEFAULT NULL,
  `description` varchar(200) DEFAULT NULL,
  PRIMARY KEY (`id`)
) ENGINE=InnoDB DEFAULT CHARSET=utf8;

#
# Structure for the `vk_user` table : 
#

DROP TABLE IF EXISTS `vk_user`;

CREATE TABLE `vk_user` (
  `id` int(11) NOT NULL,
  `user_role_id` int(11) NOT NULL,
  `last_name` varchar(255) NOT NULL,
  `first_name` varchar(255) NOT NULL,
  `nickname` varchar(255) DEFAULT NULL,
  `screen_name` varchar(255) NOT NULL,
  `sex` tinyint(1) NOT NULL DEFAULT '1',
  `photo_filename` varchar(255) DEFAULT NULL,
  `access_token` varchar(255) DEFAULT NULL,
  `expires_in` int(11) DEFAULT NULL,
  `last_login_date` datetime DEFAULT NULL,
  `create_date` timestamp NOT NULL DEFAULT CURRENT_TIMESTAMP,
  UNIQUE KEY `uid` (`id`)
) ENGINE=InnoDB DEFAULT CHARSET=utf8;

#
# Data for the `country` table  (LIMIT 0,500)
#

INSERT INTO `country` (`id`, `title`, `abbreviation`, `phone_code`, `tmp`) VALUES 
  (1,'United States','US','1',0),
  (2,'Afghanistan','AF','93',0),
  (3,'Albania','AL','355',0),
  (4,'Algeria','DZ','213',0),
  (5,'American Samoa','AS','1684',0),
  (6,'Andorra','AD','376',0),
  (7,'Angola','AO','244',0),
  (8,'Anguilla','AI','1264',0),
  (9,'Antigua & Barbuda','AG','1268',0),
  (10,'Argentina','AR','54',0),
  (11,'Armenia','AM','374',0),
  (12,'Aruba','AW','297',0),
  (13,'Australia','AU','61',0),
  (14,'Austria','AT','43',0),
  (15,'Azerbaijan','AZ','994',0),
  (16,'Azores','AP','351',0),
  (17,'Bahamas','BS','1242',0),
  (18,'Bahrain','BH','973',0),
  (19,'Bangladesh','BD','880',0),
  (20,'Barbados','BB','1246',0),
  (21,'Belarus','BY','375',0),
  (22,'Belgium','BE','32',0),
  (23,'Belize','BZ','501',0),
  (24,'Benin','BJ','229',0),
  (25,'Bermuda','BM','1441',0),
  (26,'Bhutan','BT','975',0),
  (27,'Bolivia','BO','591',0),
  (28,'Bonaire','BL','599',0),
  (29,'Bosnia & Herzegovina','BA','387',0),
  (30,'Botswana','BW','267',0),
  (31,'Brazil','BR','55',0),
  (32,'Brunei','BN','673',0),
  (33,'Bulgaria','BG','359',0),
  (34,'Burkina Faso','BF','226',0),
  (35,'Burundi','BI','257',0),
  (36,'Cambodia','KH','855',0),
  (37,'Cameroon','CM','237',0),
  (38,'Canada','CA','1',0),
  (39,'Canary Islands','IC',NULL,0),
  (40,'Cape Verde','CV','238',0),
  (41,'Cayman Islands','KY','1345',0),
  (42,'Central African Republic','CF','236',0),
  (43,'Chad','TD','235',0),
  (44,'Chile','CL','56',0),
  (45,'China','CN','',0),
  (46,'Colombia','CO','57',0),
  (47,'Republic of the Congo','CG','242',0),
  (48,'Democratic Republic of the Congo','CD','243',0),
  (49,'Cook Islands','CK','682',0),
  (50,'Costa Rica','CR','506',0),
  (51,'Croatia','HR','385',0),
  (52,'Curacao','CB',NULL,0),
  (53,'Cyprus','CY','357',0),
  (54,'Czech Republic','CZ','420',0),
  (55,'Denmark','DK','45',0),
  (56,'Djibouti','DJ','253',0),
  (57,'Dominica','DM','1767',0),
  (58,'Dominican Republic','DO','1809',0),
  (59,'East Timor (Timor-Leste)','TL','670',0),
  (60,'Ecuador','EC','593',0),
  (61,'Egypt','EG','20',0),
  (62,'El Salvador','SV','503',0),
  (63,'England','EN','44',0),
  (64,'Equatorial Guinea','GQ','240',0),
  (65,'Eritrea','ER','291',0),
  (66,'Estonia','EE','372',0),
  (67,'Ethiopia','ET','251',0),
  (68,'Faroe Islands','FO','298',0),
  (69,'Fiji','FJ','679',0),
  (70,'Finland','FI','358',0),
  (71,'France','FR','33',0),
  (72,'French Guiana','GF','689',0),
  (73,'French Polynesia','PF','689',0),
  (74,'Gabon','GA','241',0),
  (75,'Gambia','GM','220',0),
  (76,'Georgia','GE','995',0),
  (77,'Germany','DE','49',0),
  (78,'Ghana','GH','233',0),
  (79,'Gibraltar','GI','350',0),
  (80,'Greece','GR','30',0),
  (81,'Greenland','GL','299',0),
  (82,'Grenada','GD','1473',0),
  (83,'Guadeloupe','GP',NULL,0),
  (84,'Guam','GU','1671',0),
  (85,'Guatemala','GT','502',0),
  (86,'Guernsey','GG',NULL,0),
  (87,'Guinea','GN','224',0),
  (88,'Guinea-Bissau','GW','245',0),
  (89,'Guyana','GY','592',0),
  (90,'Haiti','HT','509',0),
  (91,'Holland','HO','31',0),
  (92,'Honduras','HN','504',0),
  (93,'Hong Kong','HK','852',0),
  (94,'Hungary','HU','36',0),
  (95,'Iceland','IS','354',0),
  (96,'India','IN','91',0),
  (97,'Indonesia','ID','62',0),
  (98,'Iraq','IQ','964',0),
  (99,'Ireland','IE',NULL,0),
  (100,'Israel','IL','972',0),
  (101,'Italy','IT','39',0),
  (102,'Ivory Coast','CI','225',0),
  (103,'Jamaica','JM','1876',0),
  (104,'Japan','JP','81',0),
  (105,'Jersey','JE','',0),
  (106,'Jordan','JO','962',0),
  (107,'Kazakhstan','KZ','7',0),
  (108,'Kenya','KE','254',0),
  (109,'Kiribati','KI','686',0),
  (110,'Kosrae','KO',NULL,0),
  (111,'Kuwait','KW','965',0),
  (112,'Kyrgyzstan','KG','996',0),
  (113,'Laos','LA','856',0),
  (114,'Latvia','LV','371',0),
  (115,'Lebanon','LB','961',0),
  (116,'Lesotho','LS','266',0),
  (117,'Liberia','LR','231',0),
  (118,'Liechtenstein','LI','423',0),
  (119,'Lithuania','LT','370',0),
  (120,'Luxembourg','LU','352',0),
  (121,'Macau','MO','853',0),
  (122,'Macedonia','MK','389',0),
  (123,'Madagascar','MG','261',0),
  (124,'Madeira','ME',NULL,0),
  (125,'Malawi','MW','265',0),
  (126,'Malaysia','MY','60',0),
  (127,'Maldives','MV','960',0),
  (128,'Mali','ML','223',0),
  (129,'Malta','MT','356',0),
  (130,'Marshall Islands','MH','692',0),
  (131,'Martinique','MQ',NULL,0),
  (132,'Mauritania','MR','222',0),
  (133,'Mauritius','MU','230',0),
  (134,'Mexico','MX','52',0),
  (135,'Micronesia','FM','691',0),
  (136,'Moldova','MD','373',0),
  (137,'Monaco','MC','377',0),
  (138,'Mongolia','MN','976',0),
  (139,'Montserrat','MS','1664',0),
  (140,'Morocco','MA','212',0),
  (141,'Mozambique','MZ','258',0),
  (142,'Namibia','NA','264',0),
  (143,'Nepal','NP','977',0),
  (144,'Netherlands','NL','31',0),
  (145,'Netherlands Antilles','AN','599',0),
  (146,'New Caledonia','NC','687',0),
  (147,'New Zealand','NZ','64',0),
  (148,'Nicaragua','NI','505',0),
  (149,'Niger','NE','227',0),
  (150,'Nigeria','NG','234',0),
  (151,'Norfolk Island','NF','672',0),
  (152,'Northern Ireland','NB',NULL,0),
  (153,'Northern Mariana Islands','MP','1670',0),
  (154,'Norway','NO','47',0),
  (155,'Oman','OM','968',0),
  (156,'Pakistan','PK','92',0),
  (157,'Palau','PW','680',0),
  (158,'Panama','PA','507',0),
  (159,'Papua New Guinea','PG','675',0),
  (160,'Paraguay','PY','595',0),
  (161,'Peru','PE','51',0),
  (162,'Philippines','PH','63',0),
  (163,'Poland','PL','48',0),
  (164,'Ponape','PO',NULL,0),
  (165,'Portugal','PT','351',0),
  (166,'Puerto Rico','PR','1',0),
  (167,'Qatar','QA','974',0),
  (168,'Reunion','RE',NULL,0),
  (169,'Romania','RO','40',0),
  (170,'Rota','RT',NULL,0),
  (171,'Russia','RU','7',0),
  (172,'Rwanda','RW','250',0),
  (173,'Saba','SS',NULL,0),
  (174,'Saipan','SP',NULL,0),
  (175,'San Marino','SM','378',0),
  (176,'Saudi Arabia','SA','966',0),
  (177,'Scotland','SF',NULL,0),
  (178,'Senegal','SN','221',0),
  (179,'Serbia & Montenegro','CS','381',0),
  (180,'Seychelles','SC','248',0),
  (181,'Sierra Leone','SL','232',0),
  (182,'Singapore','SG','65',0),
  (183,'Slovakia','SK','421',0),
  (184,'Slovenia','SI','386',0),
  (185,'Solomon Islands','SB','677',0),
  (186,'South Africa','ZA','27',0),
  (187,'South Korea','KR','82',0),
  (188,'Spain','ES','34',0),
  (189,'Sri Lanka','LK','94',0),
  (190,'St. Barthelemy','NT',NULL,0),
  (191,'St. Christopher','SW',NULL,0),
  (192,'St. Croix','SX',NULL,0),
  (193,'St. Eustatius','EU',NULL,0),
  (194,'St. John','UV',NULL,0),
  (195,'St. Kitts & Nevis','KN',NULL,0),
  (196,'St. Lucia','LC',NULL,0),
  (197,'St. Maarten','MB',NULL,0),
  (198,'St. Martin','TB',NULL,0),
  (199,'St. Thomas','VL',NULL,0),
  (200,'St. Vincent & the Grenadines','VC',NULL,0),
  (201,'Suriname','SR','597',0),
  (202,'Swaziland','SZ','268',0),
  (203,'Sweden','SE','46',0),
  (204,'Switzerland','CH','41',0),
  (205,'Syria','SY','963',0),
  (206,'Tahiti','TA',NULL,0),
  (207,'Taiwan','TW','886',0),
  (208,'Tajikistan','TJ','992',0),
  (209,'Tanzania','TZ','255',0),
  (210,'Thailand','TH','66',0),
  (211,'Tinian','TI',NULL,0),
  (212,'Togo','TG','228',0),
  (213,'Tonga','TO','676',0),
  (214,'Tortola','ZZ',NULL,0),
  (215,'Trinidad & Tobago','TT',NULL,0),
  (216,'Truk','TU',NULL,0),
  (217,'Tunisia','TN','216',0),
  (218,'Turkey','TR','90',0),
  (219,'Turkmenistan','TM','993',0),
  (220,'Turks & Caicos Islands','TC','1649',0),
  (221,'Tuvalu','TV','688',0),
  (222,'Uganda','UG','256',0),
  (223,'Ukraine','UA','380',0),
  (224,'Union Island','UI',NULL,0),
  (225,'United Arab Emirates','AE','971',0),
  (226,'United Kingdom','GB','44',0),
  (227,'Uruguay','UY','598',0),
  (228,'Uzbekistan','UZ','998',0),
  (229,'Vanuatu','VU','678',0),
  (230,'Vatican City','VA','39',0),
  (231,'Venezuela','VE','58',0),
  (232,'Vietnam','VN','84',0),
  (233,'Virgin Gorda','VR',NULL,0),
  (234,'Virgin Islands, British','VG',NULL,0),
  (235,'Virgin Islands, US','VI','1340',0),
  (236,'Wales','WL',NULL,0),
  (237,'Wallis & Futuna Islands','WF',NULL,0),
  (238,'Western Samoa','WS',NULL,0),
  (239,'Yap','YA',NULL,0),
  (240,'Yemen','YE','967',0),
  (241,'Zambia','ZM','260',0),
  (242,'Zimbabwe','ZW','263',0),
  (250,'Korea','KR',NULL,1),
  (251,'Sudan','SD',NULL,1),
  (252,'Libya','LY',NULL,1),
  (253,'Iran','IR',NULL,1),
  (254,'China (Hong Kong S.A.R.)','HK',NULL,1),
  (255,'China (Macau S.A.R.)','MO',NULL,1),
  (258,'Palestinian National Authority','PS',NULL,1);
COMMIT;

#
# Data for the `loc_lang` table  (LIMIT 0,500)
#

INSERT INTO `loc_lang` (`id`, `title`, `abbreviation`) VALUES 
  (1,'English','en');
COMMIT;

#
# Data for the `loc_string` table  (LIMIT 0,500)
#

INSERT INTO `loc_string` (`id`, `language_id`, `name`, `value`) VALUES 
  (4,1,'button','button'),
  (5,1,'login','Login'),
  (6,1,'login_no_such_user','Login no such user'),
  (7,1,'validator_valid_value','Please enter a valid value in %1$s field.'),
  (8,1,'validator_empty_string','Please enter a value in %1$s field.'),
  (9,1,'any','Any'),
  (10,1,'name','Name'),
  (11,1,'company','Company'),
  (12,1,'email','E-mail'),
  (13,1,'user_role_id','User Role'),
  (14,1,'create_date_from','Create date from'),
  (15,1,'last_login_from','Last Login from'),
  (16,1,'click_for_sort','Click for sort'),
  (17,1,'click_for_send_message','Click for send Message'),
  (18,1,'go_to','Go to'),
  (19,1,'page','Page'),
  (20,1,'nav_empty_message','Records not found'),
  (21,1,'delete_selected','Delete selected'),
  (22,1,'add','Add'),
  (23,1,'to','to'),
  (24,1,'clear','Clear'),
  (25,1,'filter','Filter'),
  (26,1,'language','Language'),
  (27,1,'value','Value'),
  (28,1,'active','Active'),
  (29,1,'inactive','Inactive'),
  (30,1,'suspended','Suspended'),
  (31,1,'password','Password'),
  (32,1,'address','Address'),
  (33,1,'city','City'),
  (34,1,'state','State'),
  (35,1,'state_id','State'),
  (36,1,'zip','ZIP'),
  (37,1,'status','Status'),
  (40,1,'close','close'),
  (41,1,'validator_min_length','Please enter at least %2$d characters in %1$s field.'),
  (42,1,'object_updated','Object updated'),
  (43,1,'language_id','Language'),
  (45,1,'object_added','Object added'),
  (46,1,'title','Title'),
  (47,1,'abbreviation','Abbreviation'),
  (48,1,'description','Description'),
  (49,1,'id','ID'),
  (51,1,'validator_min_value','Minimum value of %2$d for %1$d field'),
  (52,1,'id#role_id','ID'),
  (53,1,'btn_save','Save'),
  (54,1,'btn_reset','Reset'),
  (55,1,'btn_close','Close'),
  (56,1,'objects_deleted','Objects deleted'),
  (57,1,'system_key','System key'),
  (58,1,'path','Path'),
  (59,1,'system_key_exists','System key exists'),
  (62,1,'thumbnail_method','Thumbnail Method'),
  (63,1,'welcome_to_admin_panel','Welcome to Administation Panel'),
  (64,1,'parent_id','Parent'),
  (65,1,'path_fields','Path fields'),
  (66,1,'path_id','Path'),
  (67,1,'text','Text'),
  (68,1,'textarea','Textarea'),
  (69,1,'htmlarea','Htmlarea'),
  (70,1,'file','File'),
  (71,1,'date','Date'),
  (72,1,'number','Number'),
  (73,1,'custom_file','Custom File'),
  (74,1,'image_file','Image file'),
  (75,1,'type','Type'),
  (76,1,'required','Required'),
  (77,1,'valid_type','Validator Type'),
  (78,1,'unique_error_mess','Unique Error Message'),
  (79,1,'valid_add_info1','Add Info 1'),
  (80,1,'valid_add_info2','Add Info 2'),
  (81,1,'valid_add_info3','Add Info 3'),
  (82,1,'checkbox','Checkbox'),
  (83,1,'object_exists','Object exists'),
  (84,1,'database_error','Database Error. Please back later.'),
  (85,1,'noitem_selected','No items selected'),
  (86,1,'internal_error','Internal error. May be the server is overloaded, try later.'),
  (87,1,'goto','Go to'),
  (89,1,'values_not_found','Values not found'),
  (90,1,'validator_invalid_file','Please upload only valid file formats (%2$s) for the %1$s field'),
  (91,1,'image','Image'),
  (92,1,'odbcdate','ODBC Date'),
  (93,1,'download','Download'),
  (94,1,'delete_image','Delete Image'),
  (95,1,'you_logged_as','You logged as'),
  (96,1,'settings','Settings'),
  (97,1,'are_you_sure_you_want_to_logout','Are you sure what you want to logout'),
  (98,1,'logout','Logout'),
  (99,1,'total','total'),
  (100,1,'displaying','displaying'),
  (101,1,'object_not_exist','Object not exist'),
  (102,1,'page_not_found','Page not found'),
  (103,1,'the_requested_page_does_not_exist','Sorry! The requested page does not exist'),
  (104,1,'pages_not_found','Pages not found'),
  (105,1,'warning','Warning'),
  (106,1,'fields_marked_with','Fields market with'),
  (107,1,'bold','bold'),
  (108,1,'has_been_required','has been required'),
  (109,1,'validator_max_value','Maximum value of %2$d for %1$d field'),
  (110,1,'new_image','New Image'),
  (111,1,'dbnav_size_show','Show'),
  (112,1,'dbnav_size_items','Items on page'),
  (113,1,'image_width','Image width'),
  (114,1,'image_height','Image height'),
  (115,1,'administator_panel','Administator Panel'),
  (116,1,'remember_me','Remember me'),
  (117,1,'width','Width'),
  (118,1,'height','Height'),
  (119,1,'registry_is_empty','Registry is empty'),
  (120,1,'hide_panel','hide panel'),
  (121,1,'show_panel','show panel'),
  (122,1,'create_date','Create Date'),
  (123,1,'user','User'),
  (124,1,'localizer_string','Localizer String'),
  (125,1,'new_localizer_string','New Localizer String'),
  (126,1,'new_user','New User'),
  (127,1,'user_role','user_role'),
  (128,1,'id#role','User Role'),
  (129,1,'new_language','New Language'),
  (130,1,'new_path','New Path'),
  (131,1,'new_value','new_value'),
  (132,1,'validator_field_path_id','Path'),
  (133,1,'validator_field_type','Type'),
  (134,1,'validator_field_path','Path'),
  (135,1,'validator_field_title','Title'),
  (136,1,'validator_field_value','Value'),
  (137,1,'validator_field_valid_type','Valid Type'),
  (138,1,'validator_field_valid_add_info1','Add Info 1'),
  (139,1,'validator_field_valid_add_info2','Add Info 2'),
  (140,1,'validator_field_valid_add_info3','Add Info 3'),
  (141,1,'validator_field_language_id','Language'),
  (142,1,'validator_field_parent_id','Parent'),
  (143,1,'validator_field_system_key','System key'),
  (144,1,'new_image_size','New Image Size'),
  (145,1,'validator_field_image_width','Image width'),
  (146,1,'validator_field_image_height','Image height'),
  (147,1,'validator_field_thumbnail_method','Thumbnail Method'),
  (148,1,'image_size','image_size'),
  (149,1,'validator_field_name','Name'),
  (150,1,'validator_field_email','E-mail'),
  (151,1,'validator_field_password','Password'),
  (152,1,'validator_field_address','Address'),
  (153,1,'validator_field_city','City'),
  (154,1,'validator_field_state_id','State'),
  (155,1,'validator_field_zip','ZIP'),
  (156,1,'new_user_role','new_user_role'),
  (157,1,'validator_field_id','ID'),
  (158,1,'validator_field_description','Description'),
  (159,1,'validator_field_user_role_id','User Role'),
  (160,1,'validator_invalid_enumeration_value','Please select value from %1$s list'),
  (161,1,'validator_field_status','Status'),
  (163,1,'validator_field_abbreviation','Abbreviation'),
  (165,1,'validator_cannot_read_file','Cannot read file from %1$s field'),
  (167,1,'items_on_page','Items on Page'),
  (168,1,'validator_field_ajax_test','Ajax Validation Test'),
  (169,1,'validator_max_length','Please enter at less %2$d characters in %1$s field.'),
  (170,1,'next_page','next_page'),
  (171,1,'last_page','last_page'),
  (172,1,'vklogin_success','vklogin_success'),
  (173,1,'your_avatar','your_avatar'),
  (174,1,'logout_success','logout_success');
COMMIT;

#
# Data for the `registry_path` table  (LIMIT 0,500)
#

INSERT INTO `registry_path` (`id`, `parent_id`, `language_id`, `path`, `title`) VALUES 
  (2,-1,1,'_depth_tree','Depth of the Registry tree');
COMMIT;

#
# Data for the `registry_value` table  (LIMIT 0,500)
#

INSERT INTO `registry_value` (`id`, `path_id`, `path`, `type`, `required`, `title`, `value`) VALUES 
  (2,2,'_count',1,0,'Count','1');
COMMIT;

#
# Data for the `state` table  (LIMIT 0,500)
#

INSERT INTO `state` (`id`, `country_id`, `title`, `abbreviation`) VALUES 
  (1,1,'Alabama','AL'),
  (2,1,'Alaska','AK'),
  (3,1,'Arizona','AZ'),
  (4,1,'Arkansas','AR'),
  (5,1,'California','CA'),
  (6,1,'Colorado','CO'),
  (7,1,'Connecticut','CT'),
  (8,1,'Delaware','DE'),
  (9,1,'District of Columbia','DC'),
  (10,1,'Florida','FL'),
  (11,1,'Georgia','GA'),
  (12,1,'Hawaii','HI'),
  (13,1,'Idaho','ID'),
  (14,1,'Illinois','IL'),
  (15,1,'Indiana','IN'),
  (16,1,'Iowa','IA'),
  (17,1,'Kansas','KS'),
  (18,1,'Kentucky','KY'),
  (19,1,'Louisiana','LA'),
  (20,1,'Maine','ME'),
  (21,1,'Maryland','MD'),
  (22,1,'Massachusetts','MA'),
  (23,1,'Michigan','MI'),
  (24,1,'Minnesota','MN'),
  (25,1,'Mississippi','MS'),
  (26,1,'Missouri','MO'),
  (27,1,'Montana','MT'),
  (28,1,'Nebraska','NE'),
  (29,1,'Nevada','NV'),
  (30,1,'New Hampshire','NH'),
  (31,1,'New Jersey','NJ'),
  (32,1,'New Mexico','NM'),
  (33,1,'New York','NY'),
  (34,1,'North Carolina','NC'),
  (35,1,'North Dakota','ND'),
  (36,1,'Ohio','OH'),
  (37,1,'Oklahoma','OK'),
  (38,1,'Oregon','OR'),
  (39,1,'Pennsylvania','PA'),
  (40,1,'Rhode Island','RI'),
  (41,1,'South Carolina','SC'),
  (42,1,'South Dakota','SD'),
  (43,1,'Tennessee','TN'),
  (44,1,'Texas','TX'),
  (45,1,'Utah','UT'),
  (46,1,'Vermont','VT'),
  (47,1,'Virginia','VA'),
  (48,1,'Washington','WA'),
  (49,1,'West Virginia','WV'),
  (50,1,'Wisconsin','WI'),
  (51,1,'Wyoming','WY'),
  (52,2,'Badakhshan',''),
  (53,2,'Badghis',''),
  (54,2,'Baghlan',''),
  (55,2,'Balkh',''),
  (56,2,'Bamian',''),
  (57,2,'Farah',''),
  (58,2,'Faryab',''),
  (59,2,'Ghazni',''),
  (60,2,'Ghowr',''),
  (61,2,'Helmand',''),
  (62,2,'Herat',''),
  (63,2,'Jowzjan',''),
  (64,2,'Kabol',''),
  (65,2,'Kandahar',''),
  (66,2,'Kapisa',''),
  (67,2,'Konar',''),
  (68,2,'Kondoz',''),
  (69,2,'Laghman',''),
  (70,2,'Lowgar',''),
  (71,2,'Nangarhar',''),
  (72,2,'Nimruz',''),
  (73,2,'Oruzgan',''),
  (74,2,'Paktia',''),
  (75,2,'Paktika',''),
  (76,2,'Parvan',''),
  (77,2,'Samangan',''),
  (78,2,'Sar-e Pol',''),
  (79,2,'Takhar',''),
  (80,2,'Vardak',''),
  (81,2,'Zabol',''),
  (82,3,'Berat',''),
  (83,3,'Bulqize',''),
  (84,3,'Delvine',''),
  (85,3,'Devoll',''),
  (86,3,'Diber',''),
  (87,3,'Durres',''),
  (88,3,'Elbasan',''),
  (89,3,'Fier',''),
  (90,3,'Gjirokaster',''),
  (91,3,'Gramsh',''),
  (92,3,'Has',''),
  (93,3,'Kavaje',''),
  (94,3,'Kolonje',''),
  (95,3,'Korce',''),
  (96,3,'Kruje',''),
  (97,3,'Kucove',''),
  (98,3,'Kukes',''),
  (99,3,'Kurbin',''),
  (100,3,'Lezhe',''),
  (101,3,'Librazhd',''),
  (102,3,'Lushnje',''),
  (103,3,'Malesi e Madhe',''),
  (104,3,'Mallakaster',''),
  (105,3,'Mat',''),
  (106,3,'Mirdite',''),
  (107,3,'Peqin',''),
  (108,3,'Permet',''),
  (109,3,'Pogradec',''),
  (110,3,'Puke',''),
  (111,3,'Sarande',''),
  (112,3,'Shkoder',''),
  (113,3,'Skrapar',''),
  (114,3,'Tepelene',''),
  (115,3,'Tirane',''),
  (116,3,'Tropoje',''),
  (117,3,'Vlore',''),
  (118,4,'Adrar',''),
  (119,4,'Ain Defla',''),
  (120,4,'Ain Temouchent',''),
  (121,4,'Alger',''),
  (122,4,'Annaba',''),
  (123,4,'Batna',''),
  (124,4,'Bechar',''),
  (125,4,'Bejaia',''),
  (126,4,'Biskra',''),
  (127,4,'Blida',''),
  (128,4,'Bordj Bou Arreridj',''),
  (129,4,'Bouira',''),
  (130,4,'Boumerdes',''),
  (131,4,'Chlef',''),
  (132,4,'Constantine',''),
  (133,4,'Djelfa',''),
  (134,4,'El Bayadh',''),
  (135,4,'El Oued',''),
  (136,4,'El Tarf',''),
  (137,4,'Ghardaia',''),
  (138,4,'Guelma',''),
  (139,4,'Illizi',''),
  (140,4,'Jijel',''),
  (141,4,'Khenchela',''),
  (142,4,'Laghouat',''),
  (143,4,'Mascara',''),
  (144,4,'Medea',''),
  (145,4,'Mila',''),
  (146,4,'Mostaganem',''),
  (147,4,'M`sila',''),
  (148,4,'Naama',''),
  (149,4,'Oran',''),
  (150,4,'Ouargla',''),
  (151,4,'Oum el Bouaghi',''),
  (152,4,'Relizane',''),
  (153,4,'Saida',''),
  (154,4,'Setif',''),
  (155,4,'Sidi Bel Abbes',''),
  (156,4,'Skikda',''),
  (157,4,'Souk Ahras',''),
  (158,4,'Tamanghasset',''),
  (159,4,'Tebessa',''),
  (160,4,'Tiaret',''),
  (161,4,'Tindouf',''),
  (162,4,'Tipaza',''),
  (163,4,'Tissemsilt',''),
  (164,4,'Tizi Ouzou',''),
  (165,4,'Tlemcen',''),
  (166,7,'Bengo',''),
  (167,7,'Benguela',''),
  (168,7,'Bie',''),
  (169,7,'Cabinda',''),
  (170,7,'Cuando Cubango',''),
  (171,7,'Cuanza Norte',''),
  (172,7,'Cuanza Sul',''),
  (173,7,'Cunene',''),
  (174,7,'Huambo',''),
  (175,7,'Huila',''),
  (176,7,'Luanda',''),
  (177,7,'Lunda Norte',''),
  (178,7,'Lunda Sul',''),
  (179,7,'Malanje',''),
  (180,7,'Moxico',''),
  (181,7,'Uige',''),
  (182,7,'Zaire',''),
  (183,10,'Buenos Aires',''),
  (184,10,'Catamarca',''),
  (185,10,'Chaco',''),
  (186,10,'Chubut',''),
  (187,10,'Cordoba',''),
  (188,10,'Corrientes',''),
  (189,10,'Distrito Federal',''),
  (190,10,'Entre Rios',''),
  (191,10,'Formosa',''),
  (192,10,'Jujuy',''),
  (193,10,'La Pampa',''),
  (194,10,'La Rioja',''),
  (195,10,'Mendoza',''),
  (196,10,'Misiones',''),
  (197,10,'Neuquen',''),
  (198,10,'Rio Negro',''),
  (199,10,'Salta',''),
  (200,10,'San Juan',''),
  (201,10,'San Luis',''),
  (202,10,'Santa Cruz',''),
  (203,10,'Santa Fe',''),
  (204,10,'Santiago del Estero',''),
  (205,10,'Tierra del Fuego',''),
  (206,10,'Tucuman',''),
  (207,11,'Aragatsotn',''),
  (208,11,'Ararat',''),
  (209,11,'Armavir',''),
  (210,11,'Geghark`unik`',''),
  (211,11,'Kotayk`',''),
  (212,11,'Lorri',''),
  (213,11,'Shirak',''),
  (214,11,'Syunik`',''),
  (215,11,'Tavush',''),
  (216,11,'Vayots` Dzor',''),
  (217,11,'Yerevan',''),
  (218,13,'Australian Capital',''),
  (219,13,'New South Wales',''),
  (220,13,'Northern Territory',''),
  (221,13,'Queensland',''),
  (222,13,'South Australia',''),
  (223,13,'Tasmania',''),
  (224,13,'Victoria',''),
  (225,13,'Western Australia',''),
  (226,14,'Burgenland',''),
  (227,14,'Karnten',''),
  (228,14,'Niederosterreich',''),
  (229,14,'Oberosterreich',''),
  (230,14,'Salzburg',''),
  (231,14,'Steiermark',''),
  (232,14,'Tirol',''),
  (233,14,'Vorarlberg',''),
  (234,14,'Wien',''),
  (235,15,'Abseron',''),
  (236,15,'Agcabadi',''),
  (237,15,'Agdam',''),
  (238,15,'Agdas',''),
  (239,15,'Agstafa',''),
  (240,15,'Agsu',''),
  (241,15,'Ali Bayramli',''),
  (242,15,'Astara',''),
  (243,15,'Baki',''),
  (244,15,'Balakan',''),
  (245,15,'Barda',''),
  (246,15,'Beylaqan',''),
  (247,15,'Bilasuvar',''),
  (248,15,'Cabrayil',''),
  (249,15,'Calilabad',''),
  (250,15,'Daskasan',''),
  (251,15,'Davaci',''),
  (252,15,'Fuzuli',''),
  (253,15,'Gadabay',''),
  (254,15,'Ganca',''),
  (255,15,'Goranboy',''),
  (256,15,'Goycay',''),
  (257,15,'Haciqabul',''),
  (258,15,'Imisli',''),
  (259,15,'Ismayilli',''),
  (260,15,'Kalbacar',''),
  (261,15,'Kurdamir',''),
  (262,15,'Lacin',''),
  (263,15,'Lankaran',''),
  (264,15,'Lerik',''),
  (265,15,'Masalli',''),
  (266,15,'Mingacevir',''),
  (267,15,'Naftalan',''),
  (268,15,'Naxcivan',''),
  (269,15,'Neftcala',''),
  (270,15,'Oguz',''),
  (271,15,'Qabala',''),
  (272,15,'Qax',''),
  (273,15,'Qazax',''),
  (274,15,'Qobustan',''),
  (275,15,'Quba',''),
  (276,15,'Qubadli',''),
  (277,15,'Qusar',''),
  (278,15,'Saatli',''),
  (279,15,'Sabirabad',''),
  (280,15,'Saki',''),
  (281,15,'Salyan',''),
  (282,15,'Samaxi',''),
  (283,15,'Samkir',''),
  (284,15,'Samux',''),
  (285,15,'Siyazan',''),
  (286,15,'Sumqayit',''),
  (287,15,'Susa',''),
  (288,15,'Tartar',''),
  (289,15,'Tovuz',''),
  (290,15,'Ucar',''),
  (291,15,'Xacmaz',''),
  (292,15,'Xankandi',''),
  (293,15,'Xanlar',''),
  (294,15,'Xizi',''),
  (295,15,'Xocali',''),
  (296,15,'Xocavand',''),
  (297,15,'Yardimli',''),
  (298,15,'Yevlax',''),
  (299,15,'Zangilan',''),
  (300,15,'Zaqatala',''),
  (301,15,'Zardab',''),
  (302,17,'Acklins and Crooked Islands',''),
  (303,17,'Bimini',''),
  (304,17,'Cat Island',''),
  (305,17,'Exuma',''),
  (306,17,'Freeport',''),
  (307,17,'Fresh Creek',''),
  (308,17,'Governor`s Harbour',''),
  (309,17,'Green Turtle Cay',''),
  (310,17,'Harbour Island',''),
  (311,17,'High Rock',''),
  (312,17,'Inagua',''),
  (313,17,'Kemps Bay',''),
  (314,17,'Long Island',''),
  (315,17,'Marsh Harbour',''),
  (316,17,'Mayaguana',''),
  (317,17,'New Providence',''),
  (318,17,'Nichollstown and Berry Islands',''),
  (319,17,'Ragged Island',''),
  (320,17,'Rock Sound',''),
  (321,17,'Sandy Point',''),
  (322,17,'San Salvador and Rum Cay',''),
  (323,18,'Al Hadd',''),
  (324,18,'Al Manamah',''),
  (325,18,'Al Mintaqah al Gharbiyah',''),
  (326,18,'Al Mintaqah al Wusta',''),
  (327,18,'Al Mintaqah ash Shamaliyah',''),
  (328,18,'Al Muharraq',''),
  (329,18,'Ar Rifa',''),
  (330,18,'Jidd Hafs',''),
  (331,18,'Madinat',''),
  (332,18,'Madinat Hamad',''),
  (333,18,'Mintaqat Juzur Hawar',''),
  (334,18,'Sitrah',''),
  (335,19,'Bagerhat',''),
  (336,19,'Bandarban',''),
  (337,19,'Barguna',''),
  (338,19,'Barisal',''),
  (339,19,'Bhola',''),
  (340,19,'Bogra',''),
  (341,19,'Brahmanbaria',''),
  (342,19,'Chandpur',''),
  (343,19,'Chapai Nawabganj',''),
  (344,19,'Chattagram',''),
  (345,19,'Chuadanga',''),
  (346,19,'Comilla',''),
  (347,19,'Cox`s Bazar',''),
  (348,19,'Dhaka',''),
  (349,19,'Dinajpur',''),
  (350,19,'Faridpur',''),
  (351,19,'Feni',''),
  (352,19,'Gaibandha',''),
  (353,19,'Gazipur',''),
  (354,19,'Gopalganj',''),
  (355,19,'Habiganj',''),
  (356,19,'Jaipurhat',''),
  (357,19,'Jamalpur',''),
  (358,19,'Jessore',''),
  (359,19,'Jhalakati',''),
  (360,19,'Jhenaidah',''),
  (361,19,'Khagrachari',''),
  (362,19,'Khulna',''),
  (363,19,'Kishorganj',''),
  (364,19,'Kurigram',''),
  (365,19,'Kushtia',''),
  (366,19,'Laksmipur',''),
  (367,19,'Lalmonirhat',''),
  (368,19,'Madaripur',''),
  (369,19,'Magura',''),
  (370,19,'Manikganj',''),
  (371,19,'Meherpur',''),
  (372,19,'Moulavibazar',''),
  (373,19,'Munshiganj',''),
  (374,19,'Mymensingh',''),
  (375,19,'Naogaon',''),
  (376,19,'Narail',''),
  (377,19,'Narayanganj',''),
  (378,19,'Narsingdi',''),
  (379,19,'Nator',''),
  (380,19,'Netrakona',''),
  (381,19,'Nilphamari',''),
  (382,19,'Noakhali',''),
  (383,19,'Pabna',''),
  (384,19,'Panchagar',''),
  (385,19,'Parbattya Chattagram',''),
  (386,19,'Patuakhali',''),
  (387,19,'Pirojpur',''),
  (388,19,'Rajbari',''),
  (389,19,'Rajshahi',''),
  (390,19,'Rangpur',''),
  (391,19,'Satkhira',''),
  (392,19,'Shariyatpur',''),
  (393,19,'Sherpur',''),
  (394,19,'Sirajganj',''),
  (395,19,'Sunamganj',''),
  (396,19,'Sylhet',''),
  (397,19,'Tangail',''),
  (398,19,'Thakurgaon',''),
  (399,20,'Christ Church',''),
  (400,20,'Saint Andrew',''),
  (401,20,'Saint George',''),
  (402,20,'Saint James',''),
  (403,20,'Saint John',''),
  (404,20,'Saint Joseph',''),
  (405,20,'Saint Lucy',''),
  (406,20,'Saint Michael',''),
  (407,20,'Saint Peter',''),
  (408,20,'Saint Philip',''),
  (409,20,'Saint Thomas',''),
  (410,21,'Brestskaya Voblasts`',''),
  (411,21,'Homyel`skaya Voblasts`',''),
  (412,21,'Hrodzyenskaya Voblasts`',''),
  (413,21,'Mahilyowskaya Voblasts`',''),
  (414,21,'Minsk',''),
  (415,21,'Minskaya Voblasts`',''),
  (416,21,'Vitsyebskaya Voblasts`',''),
  (417,22,'Antwerpen',''),
  (418,22,'Brabant',''),
  (419,22,'Brabant Wallon',''),
  (420,22,'Brussels Hoofdstedelijk Gewest',''),
  (421,22,'Hainaut',''),
  (422,22,'Liege',''),
  (423,22,'Limburg',''),
  (424,22,'Luxembourg',''),
  (425,22,'Namur',''),
  (426,22,'Oost-Vlaanderen',''),
  (427,22,'Vlaams-Brabant',''),
  (428,22,'West-Vlaanderen',''),
  (429,23,'Belize',''),
  (430,23,'Cayo',''),
  (431,23,'Corozal',''),
  (432,23,'Orange Walk',''),
  (433,23,'Stann Creek',''),
  (434,23,'Toledo',''),
  (435,24,'Atakora',''),
  (436,24,'Atlantique',''),
  (437,24,'Borgou',''),
  (438,24,'Mono',''),
  (439,24,'Oueme',''),
  (440,24,'Zou',''),
  (441,25,'Devonshire',''),
  (442,25,'Hamilton',''),
  (443,25,'Paget',''),
  (444,25,'Pembroke',''),
  (445,25,'Saint George',''),
  (446,25,'Saint George`s',''),
  (447,25,'Sandys',''),
  (448,25,'Smiths',''),
  (449,25,'Southampton',''),
  (450,25,'Warwick',''),
  (451,26,'Bumthang',''),
  (452,26,'Chhukha',''),
  (453,26,'Chirang',''),
  (454,26,'Daga',''),
  (455,26,'Geylegphug',''),
  (456,26,'Ha',''),
  (457,26,'Lhuntshi',''),
  (458,26,'Mongar',''),
  (459,26,'Paro',''),
  (460,26,'Pemagatsel',''),
  (461,26,'Punakha',''),
  (462,26,'Samchi',''),
  (463,26,'Samdrup',''),
  (464,26,'Shemgang',''),
  (465,26,'Tashigang',''),
  (466,26,'Thimphu',''),
  (467,26,'Tongsa',''),
  (468,26,'Wangdi Phodrang',''),
  (469,27,'Chuquisaca',''),
  (470,27,'Cochabamba',''),
  (471,27,'El Beni',''),
  (472,27,'La Paz',''),
  (473,27,'Oruro',''),
  (474,27,'Pando',''),
  (475,27,'Potosi',''),
  (476,27,'Santa Cruz',''),
  (477,27,'Tarija',''),
  (478,30,'Central',''),
  (479,30,'Chobe',''),
  (480,30,'Ghanzi',''),
  (481,30,'Kgalagadi',''),
  (482,30,'Kgatleng',''),
  (483,30,'Kweneng',''),
  (484,30,'Ngamiland',''),
  (485,30,'North-East',''),
  (486,30,'South-East',''),
  (487,30,'Southern',''),
  (488,31,'Acre',''),
  (489,31,'Alagoas',''),
  (490,31,'Amapa',''),
  (491,31,'Amazonas',''),
  (492,31,'Bahia',''),
  (493,31,'Ceara',''),
  (494,31,'Distrito Federal',''),
  (495,31,'Espirito Santo',''),
  (496,31,'Goias',''),
  (497,31,'Maranhao',''),
  (498,31,'Mato Grosso',''),
  (499,31,'Mato Grosso do Sul',''),
  (500,31,'Minas Gerais','');
COMMIT;

#
# Data for the `state` table  (LIMIT 500,500)
#

INSERT INTO `state` (`id`, `country_id`, `title`, `abbreviation`) VALUES 
  (501,31,'Para',''),
  (502,31,'Paraiba',''),
  (503,31,'Parana',''),
  (504,31,'Pernambuco',''),
  (505,31,'Piaui',''),
  (506,31,'Rio de Janeiro',''),
  (507,31,'Rio Grande do Norte',''),
  (508,31,'Rio Grande do Sul',''),
  (509,31,'Rondonia',''),
  (510,31,'Roraima',''),
  (511,31,'Santa Catarina',''),
  (512,31,'Sao Paulo',''),
  (513,31,'Sergipe',''),
  (514,31,'Tocantins',''),
  (515,32,'Belait',''),
  (516,32,'Brunei and Muara',''),
  (517,32,'Temburong',''),
  (518,32,'Tutong',''),
  (519,33,'Blagoevgrad',''),
  (520,33,'Burgas',''),
  (521,33,'Dobrich',''),
  (522,33,'Gabrovo',''),
  (523,33,'Grad Sofiya',''),
  (524,33,'Khaskovo',''),
  (525,33,'Kurdzhali',''),
  (526,33,'Kyustendil',''),
  (527,33,'Lovech',''),
  (528,33,'Mikhaylovgrad',''),
  (529,33,'Montana',''),
  (530,33,'Pazardzhik',''),
  (531,33,'Pernik',''),
  (532,33,'Pleven',''),
  (533,33,'Plovdiv',''),
  (534,33,'Razgrad',''),
  (535,33,'Ruse',''),
  (536,33,'Shumen',''),
  (537,33,'Silistra',''),
  (538,33,'Sliven',''),
  (539,33,'Smolyan',''),
  (540,33,'Sofiya',''),
  (541,33,'Stara Zagora',''),
  (542,33,'Turgovishte',''),
  (543,33,'Varna',''),
  (544,33,'Veliko Turnovo',''),
  (545,33,'Vidin',''),
  (546,33,'Vratsa',''),
  (547,33,'Yambol',''),
  (548,35,'Bubanza',''),
  (549,35,'Bujumbura',''),
  (550,35,'Bururi',''),
  (551,35,'Cankuzo',''),
  (552,35,'Cibitoke',''),
  (553,35,'Gitega',''),
  (554,35,'Karuzi',''),
  (555,35,'Kayanza',''),
  (556,35,'Kirundo',''),
  (557,35,'Makamba',''),
  (558,35,'Muramvya',''),
  (559,35,'Muyinga',''),
  (560,35,'Mwaro',''),
  (561,35,'Ngozi',''),
  (562,35,'Rutana',''),
  (563,35,'Ruyigi',''),
  (564,36,'Batdambang',''),
  (565,36,'Kampong Cham',''),
  (566,36,'Kampong Chhnang',''),
  (567,36,'Kampong Spoe',''),
  (568,36,'Kampong Thum',''),
  (569,36,'Kampot',''),
  (570,36,'Kandal',''),
  (571,36,'Kaoh Kong',''),
  (572,36,'Kracheh',''),
  (573,36,'Mondol Kiri',''),
  (574,36,'Pailin',''),
  (575,36,'Phnum Penh',''),
  (576,36,'Pouthisat',''),
  (577,36,'Preah Vihear',''),
  (578,36,'Prey Veng',''),
  (579,36,'Rotanokiri',''),
  (580,36,'Siemreab-Otdar Meanchey',''),
  (581,36,'Stoeng Treng',''),
  (582,36,'Svay Rieng',''),
  (583,36,'Takev',''),
  (584,37,'Adamaoua',''),
  (585,37,'Centre',''),
  (586,37,'Est',''),
  (587,37,'Extreme-Nord',''),
  (588,37,'Littoral',''),
  (589,37,'Nord',''),
  (590,37,'Nord-Ouest',''),
  (591,37,'Ouest',''),
  (592,37,'Sud',''),
  (593,37,'Sud-Ouest',''),
  (594,38,'Alberta',''),
  (595,38,'British Columbia',''),
  (596,38,'Manitoba',''),
  (597,38,'New Brunswick',''),
  (598,38,'Newfoundland',''),
  (599,38,'Northwest Territories',''),
  (600,38,'Nova Scotia',''),
  (601,38,'Nunavut',''),
  (602,38,'Ontario',''),
  (603,38,'Prince Edward Island',''),
  (604,38,'Quebec',''),
  (605,38,'Saskatchewan',''),
  (606,38,'Yukon Territory',''),
  (607,41,'Creek',''),
  (608,41,'Eastern',''),
  (609,41,'Midland',''),
  (610,41,'South Town',''),
  (611,41,'Spot Bay',''),
  (612,41,'Stake Bay',''),
  (613,41,'West End',''),
  (614,41,'Western',''),
  (615,45,'Anhui',''),
  (616,45,'Beijing',''),
  (617,45,'Fujian',''),
  (618,45,'Gansu',''),
  (619,45,'Guangdong',''),
  (620,45,'Guangxi',''),
  (621,45,'Guizhou',''),
  (622,45,'Hainan',''),
  (623,45,'Hebei',''),
  (624,45,'Heilongjiang',''),
  (625,45,'Henan',''),
  (626,45,'Hubei',''),
  (627,45,'Hunan',''),
  (628,45,'Jiangsu',''),
  (629,45,'Jiangxi',''),
  (630,45,'Jilin',''),
  (631,45,'Liaoning',''),
  (632,45,'Nei Mongol',''),
  (633,45,'Ningxia',''),
  (634,45,'Qinghai',''),
  (635,45,'Shaanxi',''),
  (636,45,'Shandong',''),
  (637,45,'Shanghai',''),
  (638,45,'Shanxi',''),
  (639,45,'Sichuan',''),
  (640,45,'Tianjin',''),
  (641,45,'Xinjiang',''),
  (642,45,'Xizang',''),
  (643,45,'Yunnan',''),
  (644,45,'Zhejiang',''),
  (645,46,'Amazonas',''),
  (646,46,'Antioquia',''),
  (647,46,'Arauca',''),
  (648,46,'Atlantico',''),
  (649,46,'Bolivar',''),
  (650,46,'Boyaca',''),
  (651,46,'Caldas',''),
  (652,46,'Caqueta',''),
  (653,46,'Casanare',''),
  (654,46,'Cauca',''),
  (655,46,'Cesar',''),
  (656,46,'Choco',''),
  (657,46,'Cordoba',''),
  (658,46,'Cundinamarca',''),
  (659,46,'Distrito Especial',''),
  (660,46,'Guainia',''),
  (661,46,'Guaviare',''),
  (662,46,'Huila',''),
  (663,46,'La Guajira',''),
  (664,46,'Magdalena',''),
  (665,46,'Meta',''),
  (666,46,'Narino',''),
  (667,46,'Norte de Santander',''),
  (668,46,'Putumayo',''),
  (669,46,'Quindio',''),
  (670,46,'Risaralda',''),
  (671,46,'San Andres y Providencia',''),
  (672,46,'Santander',''),
  (673,46,'Sucre',''),
  (674,46,'Tolima',''),
  (675,46,'Valle del Cauca',''),
  (676,46,'Vaupes',''),
  (677,46,'Vichada',''),
  (678,47,'Bouenza',''),
  (679,47,'Brazzaville',''),
  (680,47,'Cuvette',''),
  (681,47,'Kouilou',''),
  (682,47,'Lekoumou',''),
  (683,47,'Likouala',''),
  (684,47,'Niari',''),
  (685,47,'Plateaux',''),
  (686,47,'Pool',''),
  (687,47,'Sangha',''),
  (688,48,'Bouenza',''),
  (689,48,'Brazzaville',''),
  (690,48,'Cuvette',''),
  (691,48,'Kouilou',''),
  (692,48,'Lekoumou',''),
  (693,48,'Likouala',''),
  (694,48,'Niari',''),
  (695,48,'Plateaux',''),
  (696,48,'Pool',''),
  (697,48,'Sangha',''),
  (698,50,'Alajuela',''),
  (699,50,'Cartago',''),
  (700,50,'Guanacaste',''),
  (701,50,'Heredia',''),
  (702,50,'Limon',''),
  (703,50,'Puntarenas',''),
  (704,50,'San Jose',''),
  (705,51,'Bjelovarsko-Bilogorska',''),
  (706,51,'Brodsko-Posavska',''),
  (707,51,'Dubrovacko-Neretvanska',''),
  (708,51,'Grad Zagreb',''),
  (709,51,'Istarska',''),
  (710,51,'Karlovacka',''),
  (711,51,'Koprivnicko-Krizevacka',''),
  (712,51,'Krapinsko-Zagorska',''),
  (713,51,'Licko-Senjska',''),
  (714,51,'Medimurska',''),
  (715,51,'Osjecko-Baranjska',''),
  (716,51,'Pozesko-Slavonska',''),
  (717,51,'Primorsko-Goranska',''),
  (718,51,'Sibensko-Kninska',''),
  (719,51,'Sisacko-Moslavacka',''),
  (720,51,'Splitsko-Dalmatinska',''),
  (721,51,'Varazdinska',''),
  (722,51,'Viroviticko-Podravska',''),
  (723,51,'Vukovarsko-Srijemska',''),
  (724,51,'Zadarska',''),
  (725,51,'Zagrebacka',''),
  (726,53,'Famagusta',''),
  (727,53,'Kyrenia',''),
  (728,53,'Larnaca',''),
  (729,53,'Limassol',''),
  (730,53,'Nicosia',''),
  (731,53,'Paphos',''),
  (732,54,'Hlavni Mesto Praha',''),
  (733,54,'Jihocesky Kraj',''),
  (734,54,'Jihomoravsky Kraj',''),
  (735,54,'Karlovarsky Kraj',''),
  (736,54,'Kralovehradecky Kraj',''),
  (737,54,'Liberecky Kraj',''),
  (738,54,'Moravskoslezsky Kraj',''),
  (739,54,'Olomoucky Kraj',''),
  (740,54,'Pardubicky Kraj',''),
  (741,54,'Plzensky Kraj',''),
  (742,54,'Stredocesky Kraj',''),
  (743,54,'Ustecky Kraj',''),
  (744,54,'Vysocina',''),
  (745,54,'Zlinsky Kraj',''),
  (746,55,'Arhus',''),
  (747,55,'Bornholm',''),
  (748,55,'Frederiksborg',''),
  (749,55,'Fyn',''),
  (750,55,'Kobenhavn',''),
  (751,55,'Nordjylland',''),
  (752,55,'Ribe',''),
  (753,55,'Ringkobing',''),
  (754,55,'Roskilde',''),
  (755,55,'Sonderjylland',''),
  (756,55,'Staden Kobenhavn',''),
  (757,55,'Storstrom',''),
  (758,55,'Vejle',''),
  (759,55,'Vestsjalland',''),
  (760,55,'Viborg',''),
  (761,57,'Saint Andrew',''),
  (762,57,'Saint David',''),
  (763,57,'Saint George',''),
  (764,57,'Saint John',''),
  (765,57,'Saint Joseph',''),
  (766,57,'Saint Luke',''),
  (767,57,'Saint Mark',''),
  (768,57,'Saint Patrick',''),
  (769,57,'Saint Paul',''),
  (770,57,'Saint Peter',''),
  (771,58,'Azua',''),
  (772,58,'Baoruco',''),
  (773,58,'Barahona',''),
  (774,58,'Dajabon',''),
  (775,58,'Distrito Nacional',''),
  (776,58,'Duarte',''),
  (777,58,'Elias Pina',''),
  (778,58,'El Seibo',''),
  (779,58,'Espaillat',''),
  (780,58,'Hato Mayor',''),
  (781,58,'Independencia',''),
  (782,58,'La Altagracia',''),
  (783,58,'La Romana',''),
  (784,58,'La Vega',''),
  (785,58,'Maria Trinidad Sanchez',''),
  (786,58,'Monsenor Nouel',''),
  (787,58,'Monte Cristi',''),
  (788,58,'Monte Plata',''),
  (789,58,'Pedernales',''),
  (790,58,'Peravia',''),
  (791,58,'Puerto Plata',''),
  (792,58,'Salcedo',''),
  (793,58,'Samana',''),
  (794,58,'Sanchez Ramirez',''),
  (795,58,'San Cristobal',''),
  (796,58,'San Juan',''),
  (797,58,'San Pedro De Macoris',''),
  (798,58,'Santiago',''),
  (799,58,'Santiago Rodriguez',''),
  (800,58,'Valverde',''),
  (801,60,'Azuay',''),
  (802,60,'Bolivar',''),
  (803,60,'Canar',''),
  (804,60,'Carchi',''),
  (805,60,'Chimborazo',''),
  (806,60,'Cotopaxi',''),
  (807,60,'El Oro',''),
  (808,60,'Esmeraldas',''),
  (809,60,'Galapagos',''),
  (810,60,'Guayas',''),
  (811,60,'Imbabura',''),
  (812,60,'Loja',''),
  (813,60,'Los Rios',''),
  (814,60,'Manabi',''),
  (815,60,'Morona-Santiago',''),
  (816,60,'Napo',''),
  (817,60,'Orellana',''),
  (818,60,'Pastaza',''),
  (819,60,'Pichincha',''),
  (820,60,'Sucumbios',''),
  (821,60,'Tungurahua',''),
  (822,60,'Zamora-Chinchipe',''),
  (823,61,'Ad Daqahliyah',''),
  (824,61,'Al Bahr al Ahmar',''),
  (825,61,'Al Buhayrah',''),
  (826,61,'Al Fayyum',''),
  (827,61,'Al Gharbiyah',''),
  (828,61,'Al Iskandariyah',''),
  (829,61,'Al Isma`iliyah',''),
  (830,61,'Al Jizah',''),
  (831,61,'Al Minufiyah',''),
  (832,61,'Al Minya',''),
  (833,61,'Al Qahirah',''),
  (834,61,'Al Qalyubiyah',''),
  (835,61,'Al Wadi al Jadid',''),
  (836,61,'Ash Sharqiyah',''),
  (837,61,'As Suways',''),
  (838,61,'Aswan',''),
  (839,61,'Asyut',''),
  (840,61,'Bani Suwayf',''),
  (841,61,'Bur Sa`id',''),
  (842,61,'Dumyat',''),
  (843,61,'Janub Sina`',''),
  (844,61,'Kafr ash Shaykh',''),
  (845,61,'Matruh',''),
  (846,61,'Qina',''),
  (847,61,'Shamal Sina`',''),
  (848,61,'Suhaj',''),
  (849,62,'Ahuachapan',''),
  (850,62,'Cabanas',''),
  (851,62,'Chalatenango',''),
  (852,62,'Cuscatlan',''),
  (853,62,'La Libertad',''),
  (854,62,'La Paz',''),
  (855,62,'La Union',''),
  (856,62,'Morazan',''),
  (857,62,'San Miguel',''),
  (858,62,'San Salvador',''),
  (859,62,'Santa Ana',''),
  (860,62,'San Vicente',''),
  (861,62,'Sonsonate',''),
  (862,62,'Usulutan',''),
  (863,64,'Annobon',''),
  (864,64,'Bioko Norte',''),
  (865,64,'Bioko Sur',''),
  (866,64,'Centro Sur',''),
  (867,64,'Kie-Ntem',''),
  (868,64,'Litoral',''),
  (869,64,'Wele-Nzas',''),
  (870,66,'Harjumaa',''),
  (871,66,'Hiiumaa',''),
  (872,66,'Ida-Virumaa',''),
  (873,66,'Jarvamaa',''),
  (874,66,'Jogevamaa',''),
  (875,66,'Kohtla-Jarve',''),
  (876,66,'Laanemaa',''),
  (877,66,'Laane-Virumaa',''),
  (878,66,'Narva',''),
  (879,66,'Parnu',''),
  (880,66,'Parnumaa',''),
  (881,66,'Polvamaa',''),
  (882,66,'Raplamaa',''),
  (883,66,'Saaremaa',''),
  (884,66,'Sillamae',''),
  (885,66,'Tallinn',''),
  (886,66,'Tartu',''),
  (887,66,'Tartumaa',''),
  (888,66,'Valgamaa',''),
  (889,66,'Viljandimaa',''),
  (890,66,'Vorumaa',''),
  (891,67,'Addis Abeba',''),
  (892,70,'Aland',''),
  (893,70,'Eastern Finland',''),
  (894,70,'Lapland',''),
  (895,70,'Oulu',''),
  (896,70,'Southern Finland',''),
  (897,70,'Western Finland',''),
  (898,71,'Alsace',''),
  (899,71,'Aquitaine',''),
  (900,71,'Auvergne',''),
  (901,71,'Basse-Normandie',''),
  (902,71,'Bourgogne',''),
  (903,71,'Bretagne',''),
  (904,71,'Brittany',''),
  (905,71,'Burgundy',''),
  (906,71,'Centre',''),
  (907,71,'Champagne-Ardenne',''),
  (908,71,'Corse',''),
  (909,71,'Corsica',''),
  (910,71,'Franche-Comte',''),
  (911,71,'Haute-Normandie',''),
  (912,71,'Ile-de-France',''),
  (913,71,'Languedoc-Roussillon',''),
  (914,71,'Limousin',''),
  (915,71,'Lorraine',''),
  (916,71,'Lower Normandy',''),
  (917,71,'Midi-Pyrenees',''),
  (918,71,'Nord Pas-de-Calais',''),
  (919,71,'Pays de la Loire',''),
  (920,71,'Picardie',''),
  (921,71,'Poitou-Charentes',''),
  (922,71,'Provence-Alpes-Cote d`Azur',''),
  (923,71,'Rhone-Alpes',''),
  (924,71,'Upper Normandy',''),
  (925,75,'Banjul',''),
  (926,75,'Lower River',''),
  (927,75,'MacCarthy Island',''),
  (928,75,'North Bank',''),
  (929,75,'Upper River',''),
  (930,75,'Western',''),
  (931,76,'Abashis Raioni',''),
  (932,76,'Abkhazia',''),
  (933,76,'Adigenis Raioni',''),
  (934,76,'Ajaria',''),
  (935,76,'Akhalgoris Raioni',''),
  (936,76,'Akhalk`alak`is Raioni',''),
  (937,76,'Akhalts`ikhis Raioni',''),
  (938,76,'Akhmetis Raioni',''),
  (939,76,'Ambrolauris Raioni',''),
  (940,76,'Aspindzis Raioni',''),
  (941,76,'Baghdat`is Raioni',''),
  (942,76,'Bolnisis Raioni',''),
  (943,76,'Borjomis Raioni',''),
  (944,76,'Chiat`ura',''),
  (945,76,'Ch`khorotsqus Raioni',''),
  (946,76,'Ch`okhatauris Raioni',''),
  (947,76,'Dedop`listsqaros Raioni',''),
  (948,76,'Dmanisis Raioni',''),
  (949,76,'Dushet`is Raioni',''),
  (950,76,'Gardabanis Raioni',''),
  (951,76,'Gori',''),
  (952,76,'Goris Raioni',''),
  (953,76,'Gurjaanis Raioni',''),
  (954,76,'Javis Raioni',''),
  (955,76,'K`arelis Raioni',''),
  (956,76,'Kaspis Raioni',''),
  (957,76,'Kharagaulis Raioni',''),
  (958,76,'Khashuris Raioni',''),
  (959,76,'Khobis Raioni',''),
  (960,76,'Khonis Raioni',''),
  (961,76,'K`ut`aisi',''),
  (962,76,'Lagodekhis Raioni',''),
  (963,76,'Lanch`khut`is Raioni',''),
  (964,76,'Lentekhis Raioni',''),
  (965,76,'Marneulis Raioni',''),
  (966,76,'Martvilis Raioni',''),
  (967,76,'Mestiis Raioni',''),
  (968,76,'Mts`khet`is Raioni',''),
  (969,76,'Ninotsmindis Raioni',''),
  (970,76,'Onis Raioni',''),
  (971,76,'Ozurget`is Raioni',''),
  (972,76,'P`ot`i',''),
  (973,76,'Qazbegis Raioni',''),
  (974,76,'Qvarlis Raioni',''),
  (975,76,'Rust`avi',''),
  (976,76,'Sach`kheris Raioni',''),
  (977,76,'Sagarejos Raioni',''),
  (978,76,'Samtrediis Raioni',''),
  (979,76,'Senakis Raioni',''),
  (980,76,'Sighnaghis Raioni',''),
  (981,76,'T`bilisi',''),
  (982,76,'T`elavis Raioni',''),
  (983,76,'T`erjolis Raioni',''),
  (984,76,'T`et`ritsqaros Raioni',''),
  (985,76,'T`ianet`is Raioni',''),
  (986,76,'Tqibuli',''),
  (987,76,'Ts`ageris Raioni',''),
  (988,76,'Tsalenjikhis Raioni',''),
  (989,76,'Tsalkis Raioni',''),
  (990,76,'Tsqaltubo',''),
  (991,76,'Vanis Raioni',''),
  (992,76,'Zestap`onis Raioni',''),
  (993,76,'Zugdidi',''),
  (994,76,'Zugdidis Raioni',''),
  (995,77,'Baden-Wuerttemberg',''),
  (996,77,'Baden-Wurttemberg',''),
  (997,77,'Bavaria',''),
  (998,77,'Bayern',''),
  (999,77,'Berlin',''),
  (1000,77,'Brandenburg','');
COMMIT;

#
# Data for the `state` table  (LIMIT 1000,500)
#

INSERT INTO `state` (`id`, `country_id`, `title`, `abbreviation`) VALUES 
  (1001,77,'Bremen',''),
  (1002,77,'Hamburg',''),
  (1003,77,'Hessen',''),
  (1004,77,'Mecklenburg-Vorpommern',''),
  (1005,77,'Niedersachsen',''),
  (1006,77,'Nordrhein-Westfalen',''),
  (1007,77,'Rheinland-Pfalz',''),
  (1008,77,'Saarland',''),
  (1009,77,'Sachsen',''),
  (1010,77,'Sachsen-Anhalt',''),
  (1011,77,'Schleswig-Holstein',''),
  (1012,77,'Thuringen',''),
  (1013,78,'Ashanti',''),
  (1014,78,'Brong-Ahafo',''),
  (1015,78,'Central',''),
  (1016,78,'Eastern',''),
  (1017,78,'Greater Accra',''),
  (1018,78,'Northern',''),
  (1019,78,'Upper East',''),
  (1020,78,'Upper West',''),
  (1021,78,'Volta',''),
  (1022,78,'Western',''),
  (1023,80,'Aitolia kai Akarnania',''),
  (1024,80,'Akhaia',''),
  (1025,80,'Argolis',''),
  (1026,80,'Arkadhia',''),
  (1027,80,'Arta',''),
  (1028,80,'Attiki',''),
  (1029,80,'Dhodhekanisos',''),
  (1030,80,'Drama',''),
  (1031,80,'Evritania',''),
  (1032,80,'Evros',''),
  (1033,80,'Evvoia',''),
  (1034,80,'Florina',''),
  (1035,80,'Fokis',''),
  (1036,80,'Fthiotis',''),
  (1037,80,'Grevena',''),
  (1038,80,'Ilia',''),
  (1039,80,'Imathia',''),
  (1040,80,'Ioannina',''),
  (1041,80,'Iraklion',''),
  (1042,80,'Kardhitsa',''),
  (1043,80,'Kastoria',''),
  (1044,80,'Kavala',''),
  (1045,80,'Kefallinia',''),
  (1046,80,'Kerkira',''),
  (1047,80,'Khalkidhiki',''),
  (1048,80,'Khania',''),
  (1049,80,'Khios',''),
  (1050,80,'Kikladhes',''),
  (1051,80,'Kilkis',''),
  (1052,80,'Korinthia',''),
  (1053,80,'Kozani',''),
  (1054,80,'Lakonia',''),
  (1055,80,'Larisa',''),
  (1056,80,'Lasithi',''),
  (1057,80,'Lesvos',''),
  (1058,80,'Levkas',''),
  (1059,80,'Magnisia',''),
  (1060,80,'Messinia',''),
  (1061,80,'Pella',''),
  (1062,80,'Pieria',''),
  (1063,80,'Preveza',''),
  (1064,80,'Rethimni',''),
  (1065,80,'Rodhopi',''),
  (1066,80,'Samos',''),
  (1067,80,'Serrai',''),
  (1068,80,'Thesprotia',''),
  (1069,80,'Thessaloniki',''),
  (1070,80,'Trikala',''),
  (1071,80,'Voiotia',''),
  (1072,80,'Xanthi',''),
  (1073,80,'Zakinthos',''),
  (1074,81,'Nordgronland',''),
  (1075,81,'Ostgronland',''),
  (1076,81,'Vestgronland',''),
  (1077,82,'Saint Andrew',''),
  (1078,82,'Saint David',''),
  (1079,82,'Saint George',''),
  (1080,82,'Saint John',''),
  (1081,82,'Saint Mark',''),
  (1082,82,'Saint Patrick',''),
  (1083,85,'Alta Verapaz',''),
  (1084,85,'Baja Verapaz',''),
  (1085,85,'Chimaltenango',''),
  (1086,85,'Chiquimula',''),
  (1087,85,'El Progreso',''),
  (1088,85,'Escuintla',''),
  (1089,85,'Guatemala',''),
  (1090,85,'Huehuetenango',''),
  (1091,85,'Izabal',''),
  (1092,85,'Jalapa',''),
  (1093,85,'Jutiapa',''),
  (1094,85,'Peten',''),
  (1095,85,'Quetzaltenango',''),
  (1096,85,'Quiche',''),
  (1097,85,'Retalhuleu',''),
  (1098,85,'Sacatepequez',''),
  (1099,85,'San Marcos',''),
  (1100,85,'Santa Rosa',''),
  (1101,85,'Solola',''),
  (1102,85,'Suchitepequez',''),
  (1103,85,'Totonicapan',''),
  (1104,85,'Zacapa',''),
  (1105,87,'Beyla',''),
  (1106,87,'Boffa',''),
  (1107,87,'Boke',''),
  (1108,87,'Conakry',''),
  (1109,87,'Coyah',''),
  (1110,87,'Dabola',''),
  (1111,87,'Dalaba',''),
  (1112,87,'Dinguiraye',''),
  (1113,87,'Dubreka',''),
  (1114,87,'Faranah',''),
  (1115,87,'Forecariah',''),
  (1116,87,'Fria',''),
  (1117,87,'Gaoual',''),
  (1118,87,'Gueckedou',''),
  (1119,87,'Kankan',''),
  (1120,87,'Kerouane',''),
  (1121,87,'Kindia',''),
  (1122,87,'Kissidougou',''),
  (1123,87,'Koubia',''),
  (1124,87,'Koundara',''),
  (1125,87,'Kouroussa',''),
  (1126,87,'Labe',''),
  (1127,87,'Lelouma',''),
  (1128,87,'Lola',''),
  (1129,87,'Macenta',''),
  (1130,87,'Mali',''),
  (1131,87,'Mamou',''),
  (1132,87,'Mandiana',''),
  (1133,87,'Nzerekore',''),
  (1134,87,'Pita',''),
  (1135,87,'Siguiri',''),
  (1136,87,'Telimele',''),
  (1137,87,'Tougue',''),
  (1138,87,'Yomou',''),
  (1139,89,'Barima-Waini',''),
  (1140,89,'Cuyuni-Mazaruni',''),
  (1141,89,'Demerara-Mahaica',''),
  (1142,89,'East Berbice-Corentyne',''),
  (1143,89,'Essequibo Islands-West Demerara',''),
  (1144,89,'Mahaica-Berbice',''),
  (1145,89,'Pomeroon-Supenaam',''),
  (1146,89,'Potaro-Siparuni',''),
  (1147,89,'Upper Demerara-Berbice',''),
  (1148,89,'Upper Takutu-Upper Essequibo',''),
  (1149,90,'Artibonite',''),
  (1150,90,'Centre',''),
  (1151,90,'Grand` Anse',''),
  (1152,90,'Nord',''),
  (1153,90,'Nord-Est',''),
  (1154,90,'Nord-Ouest',''),
  (1155,90,'Ouest',''),
  (1156,90,'Sud',''),
  (1157,90,'Sud-Est',''),
  (1158,92,'Atlantida',''),
  (1159,92,'Choluteca',''),
  (1160,92,'Colon',''),
  (1161,92,'Comayagua',''),
  (1162,92,'Copan',''),
  (1163,92,'Cortes',''),
  (1164,92,'El Paraiso',''),
  (1165,92,'Francisco Morazan',''),
  (1166,92,'Gracias a Dios',''),
  (1167,92,'Intibuca',''),
  (1168,92,'Islas de la Bahia',''),
  (1169,92,'La Paz',''),
  (1170,92,'Lempira',''),
  (1171,92,'Ocotepeque',''),
  (1172,92,'Olancho',''),
  (1173,92,'Santa Barbara',''),
  (1174,92,'Valle',''),
  (1175,92,'Yoro',''),
  (1176,94,'Bacs-Kiskun',''),
  (1177,94,'Baranya',''),
  (1178,94,'Bekes',''),
  (1179,94,'Bekescsaba',''),
  (1180,94,'Borsod-Abauj-Zemplen',''),
  (1181,94,'Budapest',''),
  (1182,94,'Csongrad',''),
  (1183,94,'Debrecen',''),
  (1184,94,'Dunaujvaros',''),
  (1185,94,'Eger',''),
  (1186,94,'Fejer',''),
  (1187,94,'Gyor',''),
  (1188,94,'Gyor-Moson-Sopron',''),
  (1189,94,'Hajdu-Bihar',''),
  (1190,94,'Heves',''),
  (1191,94,'Hodmezovasarhely',''),
  (1192,94,'Jasz-Nagykun-Szolnok',''),
  (1193,94,'Kaposvar',''),
  (1194,94,'Kecskemet',''),
  (1195,94,'Komarom-Esztergom',''),
  (1196,94,'Miskolc',''),
  (1197,94,'Nagykanizsa',''),
  (1198,94,'Nograd',''),
  (1199,94,'Nyiregyhaza',''),
  (1200,94,'Pecs',''),
  (1201,94,'Pest',''),
  (1202,94,'Somogy',''),
  (1203,94,'Sopron',''),
  (1204,94,'Szabolcs-Szatmar-Bereg',''),
  (1205,94,'Szeged',''),
  (1206,94,'Szekesfehervar',''),
  (1207,94,'Szolnok',''),
  (1208,94,'Szombathely',''),
  (1209,94,'Tatabanya',''),
  (1210,94,'Tolna',''),
  (1211,94,'Vas',''),
  (1212,94,'Veszprem',''),
  (1213,94,'Zala',''),
  (1214,94,'Zalaegerszeg',''),
  (1215,95,'Akranes',''),
  (1216,95,'Akureyri',''),
  (1217,95,'Arnessysla',''),
  (1218,95,'Austur-Bardastrandarsysla',''),
  (1219,95,'Austur-Hunavatnssysla',''),
  (1220,95,'Austur-Skaftafellssysla',''),
  (1221,95,'Borgarfjardarsysla',''),
  (1222,95,'Dalasysla',''),
  (1223,95,'Eyjafjardarsysla',''),
  (1224,95,'Gullbringusysla',''),
  (1225,95,'Hafnarfjordur',''),
  (1226,95,'Husavik',''),
  (1227,95,'Isafjordur',''),
  (1228,95,'Keflavik',''),
  (1229,95,'Kjosarsysla',''),
  (1230,95,'Kopavogur',''),
  (1231,95,'Myrasysla',''),
  (1232,95,'Neskaupstadur',''),
  (1233,95,'Nordur-Isafjardarsysla',''),
  (1234,95,'Nordur-Mulasysla',''),
  (1235,95,'Nordur-Tingeyjarsysla',''),
  (1236,95,'Olafsfjordur',''),
  (1237,95,'Rangarvallasysla',''),
  (1238,95,'Reykjavik',''),
  (1239,95,'Saudarkrokur',''),
  (1240,95,'Seydisfjordur',''),
  (1241,95,'Siglufjordur',''),
  (1242,95,'Skagafjardarsysla',''),
  (1243,95,'Snafellsnes- og Hnappadalssysla',''),
  (1244,95,'Strandasysla',''),
  (1245,95,'Sudur-Mulasysla',''),
  (1246,95,'Sudur-Tingeyjarsysla',''),
  (1247,95,'Vestmannaeyjar',''),
  (1248,95,'Vestur-Bardastrandarsysla',''),
  (1249,95,'Vestur-Hunavatnssysla',''),
  (1250,95,'Vestur-Isafjardarsysla',''),
  (1251,95,'Vestur-Skaftafellssysla',''),
  (1252,96,'Andaman and Nicobar Islands',''),
  (1253,96,'Andhra Pradesh',''),
  (1254,96,'Arunachal Pradesh',''),
  (1255,96,'Assam',''),
  (1256,96,'Bihar',''),
  (1257,96,'Chandigarh',''),
  (1258,96,'Chhattisgarh',''),
  (1259,96,'Dadra and Nagar Haveli',''),
  (1260,96,'Daman and Diu',''),
  (1261,96,'Delhi',''),
  (1262,96,'Goa',''),
  (1263,96,'Gujarat',''),
  (1264,96,'Haryana',''),
  (1265,96,'Himachal Pradesh',''),
  (1266,96,'Jammu and Kashmir',''),
  (1267,96,'Jharkhand',''),
  (1268,96,'Karnataka',''),
  (1269,96,'Kerala',''),
  (1270,96,'Lakshadweep',''),
  (1271,96,'Madhya Pradesh',''),
  (1272,96,'Maharashtra',''),
  (1273,96,'Manipur',''),
  (1274,96,'Meghalaya',''),
  (1275,96,'Mizoram',''),
  (1276,96,'Nagaland',''),
  (1277,96,'Orissa',''),
  (1278,96,'Pondicherry',''),
  (1279,96,'Punjab',''),
  (1280,96,'Rajasthan',''),
  (1281,96,'Sikkim',''),
  (1282,96,'Tamil Nadu',''),
  (1283,96,'Tripura',''),
  (1284,96,'Uttaranchal',''),
  (1285,96,'Uttar Pradesh',''),
  (1286,96,'West Bengal',''),
  (1287,97,'Aceh',''),
  (1288,97,'Bali',''),
  (1289,97,'Banten',''),
  (1290,97,'Bengkulu',''),
  (1291,97,'Gorontalo',''),
  (1292,97,'Jakarta Raya',''),
  (1293,97,'Jambi',''),
  (1294,97,'Jawa Barat',''),
  (1295,97,'Jawa Tengah',''),
  (1296,97,'Jawa Timur',''),
  (1297,97,'Kalimantan Barat',''),
  (1298,97,'Kalimantan Selatan',''),
  (1299,97,'Kalimantan Tengah',''),
  (1300,97,'Kalimantan Timur',''),
  (1301,97,'Kepulauan Bangka Belitung',''),
  (1302,97,'Lampung',''),
  (1303,97,'Maluku',''),
  (1304,97,'Maluku Utara',''),
  (1305,97,'Nusa Tenggara Barat',''),
  (1306,97,'Nusa Tenggara Timur',''),
  (1307,97,'Papua',''),
  (1308,97,'Riau',''),
  (1309,97,'Sulawesi Selatan',''),
  (1310,97,'Sulawesi Tengah',''),
  (1311,97,'Sulawesi Tenggara',''),
  (1312,97,'Sulawesi Utara',''),
  (1313,97,'Sumatera Barat',''),
  (1314,97,'Sumatera Selatan',''),
  (1315,97,'Sumatera Utara',''),
  (1316,97,'Timor Timur',''),
  (1317,97,'Yogyakarta',''),
  (1318,98,'Al Anbar',''),
  (1319,98,'Al Basrah',''),
  (1320,98,'Al Muthanna',''),
  (1321,98,'Al Qadisiyah',''),
  (1322,98,'An Najaf',''),
  (1323,98,'Arbil',''),
  (1324,98,'As Sulaymaniyah',''),
  (1325,98,'At Ta`mim',''),
  (1326,98,'Babil',''),
  (1327,98,'Baghdad',''),
  (1328,98,'Dahuk',''),
  (1329,98,'Dhi Qar',''),
  (1330,98,'Diyala',''),
  (1331,98,'Karbala`',''),
  (1332,98,'Maysan',''),
  (1333,98,'Ninawa',''),
  (1334,98,'Salah ad Din',''),
  (1335,98,'Wasit',''),
  (1336,99,'Carlow',''),
  (1337,99,'Cavan',''),
  (1338,99,'Clare',''),
  (1339,99,'Cork',''),
  (1340,99,'Donegal',''),
  (1341,99,'Dublin',''),
  (1342,99,'Galway',''),
  (1343,99,'Kerry',''),
  (1344,99,'Kildare',''),
  (1345,99,'Kilkenny',''),
  (1346,99,'Laois',''),
  (1347,99,'Leitrim',''),
  (1348,99,'Limerick',''),
  (1349,99,'Longford',''),
  (1350,99,'Louth',''),
  (1351,99,'Mayo',''),
  (1352,99,'Meath',''),
  (1353,99,'Monaghan',''),
  (1354,99,'Offaly',''),
  (1355,99,'Roscommon',''),
  (1356,99,'Sligo',''),
  (1357,99,'Tipperary',''),
  (1358,99,'Waterford',''),
  (1359,99,'Westmeath',''),
  (1360,99,'Wexford',''),
  (1361,99,'Wicklow',''),
  (1362,100,'HaDarom',''),
  (1363,100,'HaMerkaz',''),
  (1364,100,'HaZafon',''),
  (1365,100,'Hefa',''),
  (1366,100,'Tel Aviv',''),
  (1367,100,'Yerushalayim',''),
  (1368,101,'Abruzzo',''),
  (1369,101,'Basilicata',''),
  (1370,101,'Calabria',''),
  (1371,101,'Campania',''),
  (1372,101,'Emilia-Romagna',''),
  (1373,101,'Friuli Venezia Giulia',''),
  (1374,101,'Lazio',''),
  (1375,101,'Liguria',''),
  (1376,101,'Lombardia',''),
  (1377,101,'Marche',''),
  (1378,101,'Molise',''),
  (1379,101,'Piemonte',''),
  (1380,101,'Puglia',''),
  (1381,101,'Sardegna',''),
  (1382,101,'Sicilia',''),
  (1383,101,'Toscana',''),
  (1384,101,'Trentino-Alto Adige',''),
  (1385,101,'Umbria',''),
  (1386,101,'Valle d`Aosta',''),
  (1387,101,'Veneto',''),
  (1388,103,'Clarendon',''),
  (1389,103,'Hanover',''),
  (1390,103,'Kingston',''),
  (1391,103,'Manchester',''),
  (1392,103,'Portland',''),
  (1393,103,'Saint Andrew',''),
  (1394,103,'Saint Ann',''),
  (1395,103,'Saint Catherine',''),
  (1396,103,'Saint Elizabeth',''),
  (1397,103,'Saint James',''),
  (1398,103,'Saint Mary',''),
  (1399,103,'Saint Thomas',''),
  (1400,103,'Trelawny',''),
  (1401,103,'Westmoreland',''),
  (1402,104,'Aichi',''),
  (1403,104,'Akita',''),
  (1404,104,'Aomori',''),
  (1405,104,'Chiba',''),
  (1406,104,'Ehime',''),
  (1407,104,'Fukui',''),
  (1408,104,'Fukuoka',''),
  (1409,104,'Fukushima',''),
  (1410,104,'Gifu',''),
  (1411,104,'Gumma',''),
  (1412,104,'Hiroshima',''),
  (1413,104,'Hokkaido',''),
  (1414,104,'Hyogo',''),
  (1415,104,'Ibaraki',''),
  (1416,104,'Ishikawa',''),
  (1417,104,'Iwate',''),
  (1418,104,'Kagawa',''),
  (1419,104,'Kagoshima',''),
  (1420,104,'Kanagawa',''),
  (1421,104,'Kochi',''),
  (1422,104,'Kumamoto',''),
  (1423,104,'Kyoto',''),
  (1424,104,'Mie',''),
  (1425,104,'Miyagi',''),
  (1426,104,'Miyazaki',''),
  (1427,104,'Nagano',''),
  (1428,104,'Nagasaki',''),
  (1429,104,'Nara',''),
  (1430,104,'Niigata',''),
  (1431,104,'Oita',''),
  (1432,104,'Okayama',''),
  (1433,104,'Okinawa',''),
  (1434,104,'Osaka',''),
  (1435,104,'Saga',''),
  (1436,104,'Saitama',''),
  (1437,104,'Shiga',''),
  (1438,104,'Shimane',''),
  (1439,104,'Shizuoka',''),
  (1440,104,'Tochigi',''),
  (1441,104,'Tokushima',''),
  (1442,104,'Tokyo',''),
  (1443,104,'Tottori',''),
  (1444,104,'Toyama',''),
  (1445,104,'Wakayama',''),
  (1446,104,'Yamagata',''),
  (1447,104,'Yamaguchi',''),
  (1448,104,'Yamanashi',''),
  (1449,106,'Agaba',''),
  (1450,106,'Amman',''),
  (1451,106,'Balqa',''),
  (1452,106,'Irbid',''),
  (1453,106,'Kerak',''),
  (1454,106,'Ma',''),
  (1455,106,'Mafraq',''),
  (1456,106,'Tafilah',''),
  (1457,106,'Zarqa',''),
  (1458,107,'Almaty',''),
  (1459,107,'Almaty City',''),
  (1460,107,'Aqmola',''),
  (1461,108,'Central',''),
  (1462,108,'Coast',''),
  (1463,108,'Eastern',''),
  (1464,108,'Nairobi Area',''),
  (1465,108,'North-Eastern',''),
  (1466,108,'Nyanza',''),
  (1467,108,'Rift Valley',''),
  (1468,108,'Western',''),
  (1469,109,'Gilbert Islands',''),
  (1470,109,'Line Islands',''),
  (1471,109,'Phoenix Islands',''),
  (1472,111,'Al Ahmadi',''),
  (1473,111,'Al Kuwayt',''),
  (1474,111,'Hawalli',''),
  (1475,112,'Batken',''),
  (1476,112,'Bishkek (city)',''),
  (1477,112,'Chui',''),
  (1478,112,'Issyk-Kul',''),
  (1479,112,'Jalal-Abad',''),
  (1480,112,'Naryn',''),
  (1481,112,'Osh (city)',''),
  (1482,112,'Osh (province)',''),
  (1483,112,'Talas',''),
  (1484,113,'Attapu',''),
  (1485,113,'Champasak',''),
  (1486,113,'Houaphan',''),
  (1487,113,'Khammouan',''),
  (1488,113,'Louang Namtha',''),
  (1489,113,'Louangphrabang',''),
  (1490,113,'Oudomxai',''),
  (1491,113,'Phongsali',''),
  (1492,113,'Saravan',''),
  (1493,113,'Savannakhet',''),
  (1494,113,'Vientiane',''),
  (1495,113,'Xaignabouri',''),
  (1496,113,'Xiangkhoang',''),
  (1497,114,'Aizkraukles',''),
  (1498,114,'Aluksnes',''),
  (1499,114,'Balvu',''),
  (1500,114,'Bauskas','');
COMMIT;

#
# Data for the `state` table  (LIMIT 1500,500)
#

INSERT INTO `state` (`id`, `country_id`, `title`, `abbreviation`) VALUES 
  (1501,115,'Beqaa',''),
  (1502,115,'Beyrouth',''),
  (1503,115,'Liban-Nord',''),
  (1504,115,'Liban-Sud',''),
  (1505,115,'Mont-Liban',''),
  (1506,115,'Nabatiye',''),
  (1507,116,'Maseru',''),
  (1508,117,'Bong',''),
  (1509,117,'Grand Bassa',''),
  (1510,117,'Grand Cape Mount',''),
  (1511,117,'Grand Jide',''),
  (1512,117,'Lofa',''),
  (1513,117,'Maryland',''),
  (1514,117,'Monrovia',''),
  (1515,117,'Montserrado',''),
  (1516,117,'Nimba',''),
  (1517,117,'Sino',''),
  (1518,118,'Balzers',''),
  (1519,118,'Eschen',''),
  (1520,118,'Gamprin',''),
  (1521,118,'Mauren',''),
  (1522,118,'Planken',''),
  (1523,118,'Ruggell',''),
  (1524,118,'Schaan',''),
  (1525,118,'Schellenberg',''),
  (1526,118,'Triesen',''),
  (1527,118,'Triesenberg',''),
  (1528,118,'Vaduz',''),
  (1529,119,'Alytaus Apskritis',''),
  (1530,119,'Kauno Apskritis',''),
  (1531,119,'Klaipedos Apskritis',''),
  (1532,119,'Marijampoles Apskritis',''),
  (1533,119,'Panevezio Apskritis',''),
  (1534,119,'Siauliu Apskritis',''),
  (1535,119,'Taurages Apskritis',''),
  (1536,119,'Telsiu Apskritis',''),
  (1537,119,'Utenos Apskritis',''),
  (1538,119,'Vilniaus Apskritis',''),
  (1539,120,'Diekirch',''),
  (1540,120,'Grevenmacher',''),
  (1541,120,'Luxembourg',''),
  (1542,121,'Ilhas',''),
  (1543,121,'Macau',''),
  (1544,122,'Aracinovo',''),
  (1545,122,'Bac',''),
  (1546,122,'Belcista',''),
  (1547,122,'Berovo',''),
  (1548,122,'Bistrica',''),
  (1549,122,'Bitola',''),
  (1550,122,'Blatec',''),
  (1551,122,'Bogdanci',''),
  (1552,122,'Bogomila',''),
  (1553,122,'Bogovinje',''),
  (1554,122,'Bosilovo',''),
  (1555,122,'Brvenica',''),
  (1556,122,'Cair',''),
  (1557,122,'Capari',''),
  (1558,122,'Caska',''),
  (1559,122,'Cegrane',''),
  (1560,122,'Centar',''),
  (1561,122,'Centar Zupa',''),
  (1562,122,'Cesinovo',''),
  (1563,122,'Cucer-Sandevo',''),
  (1564,122,'Debar',''),
  (1565,122,'Delcevo',''),
  (1566,122,'Delogozdi',''),
  (1567,122,'Demir Hisar',''),
  (1568,122,'Demir Kapija',''),
  (1569,122,'Dobrusevo',''),
  (1570,122,'Dolna Banjica',''),
  (1571,122,'Dolneni',''),
  (1572,122,'Dorce Petrov',''),
  (1573,122,'Drugovo',''),
  (1574,122,'Dzepciste',''),
  (1575,122,'Gazi Baba',''),
  (1576,122,'Gevgelija',''),
  (1577,122,'Gostivar',''),
  (1578,122,'Gradsko',''),
  (1579,122,'Ilinden',''),
  (1580,122,'Izvor',''),
  (1581,122,'Jegunovce',''),
  (1582,122,'Kamenjane',''),
  (1583,122,'Karbinci',''),
  (1584,122,'Karpos',''),
  (1585,122,'Kavadarci',''),
  (1586,122,'Kicevo',''),
  (1587,122,'Kisela Voda',''),
  (1588,122,'Klecevce',''),
  (1589,122,'Kocani',''),
  (1590,122,'Konce',''),
  (1591,122,'Kondovo',''),
  (1592,122,'Konopiste',''),
  (1593,122,'Kosel',''),
  (1594,122,'Kratovo',''),
  (1595,122,'Kriva Palanka',''),
  (1596,122,'Krivogastani',''),
  (1597,122,'Krusevo',''),
  (1598,122,'Kuklis',''),
  (1599,122,'Kukurecani',''),
  (1600,122,'Kumanovo',''),
  (1601,122,'Labunista',''),
  (1602,122,'Lipkovo',''),
  (1603,122,'Lozovo',''),
  (1604,122,'Lukovo',''),
  (1605,122,'Makedonska Kamenica',''),
  (1606,122,'Makedonski Brod',''),
  (1607,122,'Mavrovi Anovi',''),
  (1608,122,'Meseista',''),
  (1609,122,'Miravci',''),
  (1610,122,'Mogila',''),
  (1611,122,'Murtino',''),
  (1612,122,'Negotino',''),
  (1613,122,'Negotino-Polosko',''),
  (1614,122,'Novaci',''),
  (1615,122,'Novo Selo',''),
  (1616,122,'Oblesevo',''),
  (1617,122,'Ohrid',''),
  (1618,122,'Orasac',''),
  (1619,122,'Orizari',''),
  (1620,122,'Oslomej',''),
  (1621,122,'Pehcevo',''),
  (1622,122,'Petrovec',''),
  (1623,122,'Plasnica',''),
  (1624,122,'Podares',''),
  (1625,122,'Prilep',''),
  (1626,122,'Probistip',''),
  (1627,122,'Radovis',''),
  (1628,122,'Rankovce',''),
  (1629,122,'Resen',''),
  (1630,122,'Rosoman',''),
  (1631,122,'Rostusa',''),
  (1632,122,'Samokov',''),
  (1633,122,'Saraj',''),
  (1634,122,'Sipkovica',''),
  (1635,122,'Sopiste',''),
  (1636,122,'Sopotnica',''),
  (1637,122,'Srbinovo',''),
  (1638,122,'Staravina',''),
  (1639,122,'Star Dojran',''),
  (1640,122,'Staro Nagoricane',''),
  (1641,122,'Stip',''),
  (1642,122,'Struga',''),
  (1643,122,'Strumica',''),
  (1644,122,'Studenicani',''),
  (1645,122,'Suto Orizari',''),
  (1646,122,'Sveti Nikole',''),
  (1647,122,'Tearce',''),
  (1648,122,'Tetovo',''),
  (1649,122,'Topolcani',''),
  (1650,122,'Valandovo',''),
  (1651,122,'Vasilevo',''),
  (1652,122,'Veles',''),
  (1653,122,'Velesta',''),
  (1654,122,'Vevcani',''),
  (1655,122,'Vinica',''),
  (1656,122,'Vitoliste',''),
  (1657,122,'Vranestica',''),
  (1658,122,'Vrapciste',''),
  (1659,122,'Vratnica',''),
  (1660,122,'Vrutok',''),
  (1661,122,'Zajas',''),
  (1662,122,'Zelenikovo',''),
  (1663,122,'Zelino',''),
  (1664,122,'Zitose',''),
  (1665,122,'Zletovo',''),
  (1666,122,'Zrnovci',''),
  (1667,123,'Antananarivo',''),
  (1668,123,'Antsiranana',''),
  (1669,123,'Fianarantsoa',''),
  (1670,123,'Mahajanga',''),
  (1671,123,'Toamasina',''),
  (1672,123,'Toliara',''),
  (1673,125,'Blantyre',''),
  (1674,125,'Chikwawa',''),
  (1675,125,'Chiradzulu',''),
  (1676,125,'Chitipa',''),
  (1677,125,'Dedza',''),
  (1678,125,'Dowa',''),
  (1679,125,'Karonga',''),
  (1680,125,'Kasungu',''),
  (1681,125,'Lilongwe',''),
  (1682,125,'Machinga',''),
  (1683,125,'Mangochi',''),
  (1684,125,'Mchinji',''),
  (1685,125,'Mulanje',''),
  (1686,125,'Mwanza',''),
  (1687,125,'Mzimba',''),
  (1688,125,'Nkhata Bay',''),
  (1689,125,'Nkhotakota',''),
  (1690,125,'Nsanje',''),
  (1691,125,'Ntcheu',''),
  (1692,125,'Ntchisi',''),
  (1693,125,'Rumphi',''),
  (1694,125,'Salima',''),
  (1695,125,'Thyolo',''),
  (1696,125,'Zomba',''),
  (1697,126,'Johor',''),
  (1698,126,'Kedah',''),
  (1699,126,'Kelantan',''),
  (1700,126,'Labuan',''),
  (1701,126,'Melaka',''),
  (1702,126,'Negeri Sembilan',''),
  (1703,126,'Pahang',''),
  (1704,126,'Perak',''),
  (1705,126,'Perlis',''),
  (1706,126,'Pulau Pinang',''),
  (1707,126,'Sabah',''),
  (1708,126,'Sarawak',''),
  (1709,126,'Selangor',''),
  (1710,126,'Terengganu',''),
  (1711,126,'Wilayah Persekutuan',''),
  (1712,127,'Aliff',''),
  (1713,127,'Baa',''),
  (1714,127,'Daalu',''),
  (1715,127,'Faafu',''),
  (1716,127,'Gaafu Aliff',''),
  (1717,127,'Gaafu Daalu',''),
  (1718,127,'Haa Aliff',''),
  (1719,127,'Haa Daalu',''),
  (1720,127,'Kaafu',''),
  (1721,127,'Laamu',''),
  (1722,127,'Laviyani',''),
  (1723,127,'Meemu',''),
  (1724,127,'Naviyani',''),
  (1725,127,'Noonu',''),
  (1726,127,'Raa',''),
  (1727,127,'Seenu',''),
  (1728,127,'Shaviyani',''),
  (1729,127,'Thaa',''),
  (1730,127,'Waavu',''),
  (1731,129,'Gozo ',''),
  (1732,129,'Malta ',''),
  (1733,132,'Adrar',''),
  (1734,132,'Assaba',''),
  (1735,132,'Brakna',''),
  (1736,132,'Dakhlet Nouadhibou',''),
  (1737,132,'Gorgol',''),
  (1738,132,'Guidimaka',''),
  (1739,132,'Hodh Ech Chargui',''),
  (1740,132,'Hodh El Gharbi',''),
  (1741,132,'Inchiri',''),
  (1742,132,'Tagant',''),
  (1743,132,'Tiris Zemmour',''),
  (1744,132,'Trarza',''),
  (1745,133,'Agalega Islands',''),
  (1746,133,'Black River',''),
  (1747,133,'Cargados Carajos',''),
  (1748,133,'Flacq',''),
  (1749,133,'Grand Port',''),
  (1750,133,'Moka',''),
  (1751,133,'Pamplemousses',''),
  (1752,133,'Plaines Wilhems',''),
  (1753,133,'Port Louis',''),
  (1754,133,'Riviere du Rempart',''),
  (1755,133,'Rodrigues',''),
  (1756,133,'Savanne',''),
  (1757,134,'Aguascalientes',''),
  (1758,134,'Baja California',''),
  (1759,134,'Baja California Sur',''),
  (1760,134,'Campeche',''),
  (1761,134,'Chiapas',''),
  (1762,134,'Chihuahua',''),
  (1763,134,'Coahuila de Zaragoza',''),
  (1764,134,'Colima',''),
  (1765,134,'Distrito Federal',''),
  (1766,134,'Durango',''),
  (1767,134,'Guanajuato',''),
  (1768,134,'Guerrero',''),
  (1769,134,'Hidalgo',''),
  (1770,134,'Jalisco',''),
  (1771,134,'Mexico',''),
  (1772,134,'Michoacan de Ocampo',''),
  (1773,134,'Morelos',''),
  (1774,134,'Nayarit',''),
  (1775,134,'Nuevo Leon',''),
  (1776,134,'Oaxaca',''),
  (1777,134,'Puebla',''),
  (1778,134,'Queretaro de Arteaga',''),
  (1779,134,'Quintana Roo',''),
  (1780,134,'San Luis Potosi',''),
  (1781,134,'Sinaloa',''),
  (1782,134,'Sonora',''),
  (1783,134,'Tabasco',''),
  (1784,134,'Tamaulipas',''),
  (1785,134,'Tlaxcala',''),
  (1786,134,'Veracruz-Llave',''),
  (1787,134,'Yucatan',''),
  (1788,134,'Zacatecas',''),
  (1789,135,'Chuuk',''),
  (1790,135,'Kosrae',''),
  (1791,135,'Pohnpei',''),
  (1792,135,'Yap',''),
  (1793,136,'Balti',''),
  (1794,136,'Cahul',''),
  (1795,136,'Chisinau',''),
  (1796,136,'Edinet',''),
  (1797,136,'Gagauzia',''),
  (1798,136,'Lapusna',''),
  (1799,136,'Orhei',''),
  (1800,136,'Soroca',''),
  (1801,136,'Stinga Nistrului',''),
  (1802,136,'Tighina',''),
  (1803,136,'Ungheni',''),
  (1804,137,'La Condamine',''),
  (1805,137,'Monaco',''),
  (1806,137,'Monte-Carlo',''),
  (1807,138,'Arhangay',''),
  (1808,138,'Bayanhongor',''),
  (1809,138,'Bayan-Olgiy',''),
  (1810,138,'Bulgan',''),
  (1811,138,'Darhan',''),
  (1812,138,'Darhan Uul',''),
  (1813,138,'Dornod',''),
  (1814,138,'Dornogovi',''),
  (1815,138,'Dundgovi',''),
  (1816,138,'Dzavhan',''),
  (1817,138,'Erdenet',''),
  (1818,138,'Govi-Altay',''),
  (1819,138,'Govi-Sumber',''),
  (1820,138,'Hentiy',''),
  (1821,138,'Hovd',''),
  (1822,138,'Hovsgol',''),
  (1823,138,'Omnogovi',''),
  (1824,138,'Orhon',''),
  (1825,138,'Ovorhangay',''),
  (1826,138,'Selenge',''),
  (1827,138,'Suhbaatar',''),
  (1828,138,'Tov',''),
  (1829,138,'Ulaanbaatar',''),
  (1830,138,'Uvs',''),
  (1831,139,'Saint Anthony',''),
  (1832,139,'Saint Georges',''),
  (1833,139,'Saint Peter',''),
  (1834,140,'Agadir',''),
  (1835,140,'Al Hoceima',''),
  (1836,140,'Azilal',''),
  (1837,140,'Beni Mellal',''),
  (1838,140,'Ben Slimane',''),
  (1839,140,'Boulemane',''),
  (1840,140,'Casablanca',''),
  (1841,140,'Chaouen',''),
  (1842,140,'El Jadida',''),
  (1843,140,'El Kelaa des Srarhna',''),
  (1844,140,'Er Rachidia',''),
  (1845,140,'Essaouira',''),
  (1846,140,'Fes',''),
  (1847,140,'Figuig',''),
  (1848,140,'Guelmim',''),
  (1849,140,'Ifrane',''),
  (1850,140,'Kenitra',''),
  (1851,140,'Khemisset',''),
  (1852,140,'Khenifra',''),
  (1853,140,'Khouribga',''),
  (1854,140,'Laayoune',''),
  (1855,140,'Larache',''),
  (1856,140,'Marrakech',''),
  (1857,140,'Meknes',''),
  (1858,140,'Nador',''),
  (1859,140,'Ouarzazate',''),
  (1860,140,'Oujda',''),
  (1861,140,'Rabat-Sale',''),
  (1862,140,'Safi',''),
  (1863,140,'Settat',''),
  (1864,140,'Sidi Kacem',''),
  (1865,140,'Tanger',''),
  (1866,140,'Tan-Tan',''),
  (1867,140,'Taounate',''),
  (1868,140,'Taroudannt',''),
  (1869,140,'Tata',''),
  (1870,140,'Taza',''),
  (1871,140,'Tetouan',''),
  (1872,140,'Tiznit',''),
  (1873,141,'Maputo',''),
  (1874,141,'Nampula',''),
  (1875,141,'Sofala',''),
  (1876,141,'Tete',''),
  (1877,142,'Bethanien',''),
  (1878,142,'Boesmanland',''),
  (1879,142,'Caprivi Oos',''),
  (1880,142,'Damaraland',''),
  (1881,142,'Gobabis',''),
  (1882,142,'Grootfontein',''),
  (1883,142,'Hereroland Oos',''),
  (1884,142,'Hereroland Wes',''),
  (1885,142,'Kaokoland',''),
  (1886,142,'Karasburg',''),
  (1887,142,'Karibib',''),
  (1888,142,'Kavango',''),
  (1889,142,'Keetmanshoop',''),
  (1890,142,'Luderitz',''),
  (1891,142,'Maltahohe',''),
  (1892,142,'Mariental',''),
  (1893,142,'Namaland',''),
  (1894,142,'Okahandja',''),
  (1895,142,'Omaruru',''),
  (1896,142,'Otjiwarongo',''),
  (1897,142,'Outjo',''),
  (1898,142,'Owambo',''),
  (1899,142,'Rehoboth',''),
  (1900,142,'Swakopmund',''),
  (1901,142,'Tsumeb',''),
  (1902,142,'Windhoek',''),
  (1903,143,'Bagmati',''),
  (1904,143,'Bheri',''),
  (1905,143,'Dhawalagiri',''),
  (1906,143,'Gandaki',''),
  (1907,143,'Janakpur',''),
  (1908,143,'Karnali',''),
  (1909,143,'Kosi',''),
  (1910,143,'Lumbini',''),
  (1911,143,'Mahakali',''),
  (1912,143,'Mechi',''),
  (1913,143,'Narayani',''),
  (1914,143,'Rapti',''),
  (1915,143,'Sagarmatha',''),
  (1916,143,'Seti',''),
  (1917,144,'Drenthe',''),
  (1918,144,'Dronten',''),
  (1919,144,'Flevoland',''),
  (1920,144,'Friesland',''),
  (1921,144,'Gelderland',''),
  (1922,144,'Groningen',''),
  (1923,144,'Lelystad',''),
  (1924,144,'Limburg',''),
  (1925,144,'Noord-Brabant',''),
  (1926,144,'Noord-Holland',''),
  (1927,144,'Overijssel',''),
  (1928,144,'Utrecht',''),
  (1929,144,'Zeeland',''),
  (1930,144,'Zuidelijke IJsselmeerpolders',''),
  (1931,144,'Zuid-Holland',''),
  (1932,147,'Akaroa',''),
  (1933,147,'Amuri',''),
  (1934,147,'Ashburton',''),
  (1935,147,'Auckland',''),
  (1936,147,'Bay of Islands',''),
  (1937,147,'Bay of Plenty',''),
  (1938,147,'Bruce',''),
  (1939,147,'Buller',''),
  (1940,147,'Canterbury',''),
  (1941,147,'Chatham Islands',''),
  (1942,147,'Cheviot',''),
  (1943,147,'Clifton',''),
  (1944,147,'Clutha',''),
  (1945,147,'Cook',''),
  (1946,147,'Dannevirke',''),
  (1947,147,'Egmont',''),
  (1948,147,'Eketahuna',''),
  (1949,147,'Ellesmere',''),
  (1950,147,'Eltham',''),
  (1951,147,'Eyre',''),
  (1952,147,'Featherston',''),
  (1953,147,'Franklin',''),
  (1954,147,'Gisborne',''),
  (1955,147,'Golden Bay',''),
  (1956,147,'Great Barrier Island',''),
  (1957,147,'Grey',''),
  (1958,147,'Hauraki Plains',''),
  (1959,147,'Hawera',''),
  (1960,147,'Hawkes Bay',''),
  (1961,147,'Hawke`s Bay',''),
  (1962,147,'Heathcote',''),
  (1963,147,'Hikurangi',''),
  (1964,147,'Hobson',''),
  (1965,147,'Hokianga',''),
  (1966,147,'Horowhenua',''),
  (1967,147,'Hurunui',''),
  (1968,147,'Hutt',''),
  (1969,147,'Inangahua',''),
  (1970,147,'Inglewood',''),
  (1971,147,'Kaikoura',''),
  (1972,147,'Kairanga',''),
  (1973,147,'Kiwitea',''),
  (1974,147,'Lake',''),
  (1975,147,'Mackenzie',''),
  (1976,147,'Malvern',''),
  (1977,147,'Manaia',''),
  (1978,147,'Manawatu',''),
  (1979,147,'Manawatu-Wanganui',''),
  (1980,147,'Mangonui',''),
  (1981,147,'Maniototo',''),
  (1982,147,'Marlborough',''),
  (1983,147,'Masterton',''),
  (1984,147,'Matamata',''),
  (1985,147,'Mount Herbert',''),
  (1986,147,'Nelson',''),
  (1987,147,'Northland',''),
  (1988,147,'Ohinemuri',''),
  (1989,147,'Opotiki',''),
  (1990,147,'Oroua',''),
  (1991,147,'Otago',''),
  (1992,147,'Otamatea',''),
  (1993,147,'Otorohanga',''),
  (1994,147,'Oxford',''),
  (1995,147,'Pahiatua',''),
  (1996,147,'Paparua',''),
  (1997,147,'Patea',''),
  (1998,147,'Piako',''),
  (1999,147,'Pohangina',''),
  (2000,147,'Raglan','');
COMMIT;

#
# Data for the `state` table  (LIMIT 2000,500)
#

INSERT INTO `state` (`id`, `country_id`, `title`, `abbreviation`) VALUES 
  (2001,147,'Rangiora',''),
  (2002,147,'Rangitikei',''),
  (2003,147,'Rodney',''),
  (2004,147,'Rotorua',''),
  (2005,147,'Runanga',''),
  (2006,147,'Saint Kilda',''),
  (2007,147,'Silverpeaks',''),
  (2008,147,'Southland',''),
  (2009,147,'Stewart Island',''),
  (2010,147,'Stratford',''),
  (2011,147,'Strathallan',''),
  (2012,147,'Taranaki',''),
  (2013,147,'Tasman',''),
  (2014,147,'Taumarunui',''),
  (2015,147,'Taupo',''),
  (2016,147,'Tauranga',''),
  (2017,147,'Thames-Coromandel',''),
  (2018,147,'Tuapeka',''),
  (2019,147,'Vincent',''),
  (2020,147,'Waiapu',''),
  (2021,147,'Waiheke',''),
  (2022,147,'Waihemo',''),
  (2023,147,'Waikato',''),
  (2024,147,'Waikohu',''),
  (2025,147,'Waimairi',''),
  (2026,147,'Waimarino',''),
  (2027,147,'Waimate',''),
  (2028,147,'Waimate West',''),
  (2029,147,'Waimea',''),
  (2030,147,'Waipa',''),
  (2031,147,'Waipawa',''),
  (2032,147,'Waipukurau',''),
  (2033,147,'Wairarapa South',''),
  (2034,147,'Wairewa',''),
  (2035,147,'Wairoa',''),
  (2036,147,'Waitaki',''),
  (2037,147,'Waitomo',''),
  (2038,147,'Waitotara',''),
  (2039,147,'Wallace',''),
  (2040,147,'Wanganui',''),
  (2041,147,'Waverley',''),
  (2042,147,'Wellington',''),
  (2043,147,'West Coast',''),
  (2044,147,'Westland',''),
  (2045,147,'Whakatane',''),
  (2046,147,'Whangarei',''),
  (2047,147,'Whangaroa',''),
  (2048,147,'Woodville',''),
  (2049,148,'Boaco',''),
  (2050,148,'Carazo',''),
  (2051,148,'Chinandega',''),
  (2052,148,'Chontales',''),
  (2053,148,'Esteli',''),
  (2054,148,'Granada',''),
  (2055,148,'Jinotega',''),
  (2056,148,'Leon',''),
  (2057,148,'Madriz',''),
  (2058,148,'Managua',''),
  (2059,148,'Masaya',''),
  (2060,148,'Matagalpa',''),
  (2061,148,'Nueva Segovia',''),
  (2062,148,'Rio San Juan',''),
  (2063,148,'Rivas',''),
  (2064,148,'Zelaya',''),
  (2065,149,'Agadez',''),
  (2066,149,'Diffa',''),
  (2067,149,'Dosso',''),
  (2068,149,'Maradi',''),
  (2069,149,'Niamey',''),
  (2070,149,'Tahoua',''),
  (2071,149,'Zinder',''),
  (2072,150,'Abia',''),
  (2073,150,'Abuja Capital Territory',''),
  (2074,150,'Adamawa',''),
  (2075,150,'Akwa Ibom',''),
  (2076,150,'Anambra',''),
  (2077,150,'Bauchi',''),
  (2078,150,'Bayelsa',''),
  (2079,150,'Benue',''),
  (2080,150,'Borno',''),
  (2081,150,'Cross River',''),
  (2082,150,'Delta',''),
  (2083,150,'Ebonyi',''),
  (2084,150,'Edo',''),
  (2085,150,'Ekiti',''),
  (2086,150,'Enugu',''),
  (2087,150,'Gombe',''),
  (2088,150,'Imo',''),
  (2089,150,'Jigawa',''),
  (2090,150,'Kaduna',''),
  (2091,150,'Kano',''),
  (2092,150,'Katsina',''),
  (2093,150,'Kebbi',''),
  (2094,150,'Kogi',''),
  (2095,150,'Kwara',''),
  (2096,150,'Lagos',''),
  (2097,150,'Nassarawa',''),
  (2098,150,'Niger',''),
  (2099,150,'Ogun',''),
  (2100,150,'Ondo',''),
  (2101,150,'Osun',''),
  (2102,150,'Oyo',''),
  (2103,150,'Plateau',''),
  (2104,150,'Rivers',''),
  (2105,150,'Sokoto',''),
  (2106,150,'Taraba',''),
  (2107,150,'Yobe',''),
  (2108,150,'Zamfara',''),
  (2109,154,'Akershus',''),
  (2110,154,'Aust-Agder',''),
  (2111,154,'Buskerud',''),
  (2112,154,'Finnmark',''),
  (2113,154,'Hedmark',''),
  (2114,154,'Hordaland',''),
  (2115,154,'More og Romsdal',''),
  (2116,154,'Nordland',''),
  (2117,154,'Nord-Trondelag',''),
  (2118,154,'Oppland',''),
  (2119,154,'Oslo',''),
  (2120,154,'Ostfold',''),
  (2121,154,'Rogaland',''),
  (2122,154,'Sogn og Fjordane',''),
  (2123,154,'Sor-Trondelag',''),
  (2124,154,'Telemark',''),
  (2125,154,'Troms',''),
  (2126,154,'Vest-Agder',''),
  (2127,154,'Vestfold',''),
  (2128,155,'Ad Dakhiliyah',''),
  (2129,155,'Al Batinah',''),
  (2130,155,'Al Wusta',''),
  (2131,155,'Ash Sharqiyah',''),
  (2132,155,'Az Zahirah',''),
  (2133,155,'Masqat',''),
  (2134,155,'Musandam',''),
  (2135,155,'Zufar',''),
  (2136,158,'Bocas del Toro',''),
  (2137,158,'Chiriqui',''),
  (2138,158,'Cocle',''),
  (2139,158,'Colon',''),
  (2140,158,'Darien',''),
  (2141,158,'Herrera',''),
  (2142,158,'Los Santos',''),
  (2143,158,'Panama',''),
  (2144,158,'San Blas',''),
  (2145,158,'Veraguas',''),
  (2146,159,'Central',''),
  (2147,159,'Chimbu',''),
  (2148,159,'Eastern Highlands',''),
  (2149,159,'East New Britain',''),
  (2150,159,'East Sepik',''),
  (2151,159,'Enga',''),
  (2152,159,'Gulf',''),
  (2153,159,'Madang',''),
  (2154,159,'Manus',''),
  (2155,159,'Milne Bay',''),
  (2156,159,'Morobe',''),
  (2157,159,'National Capital',''),
  (2158,159,'New Ireland',''),
  (2159,159,'Northern',''),
  (2160,159,'North Solomons',''),
  (2161,159,'Sandaun',''),
  (2162,159,'Southern Highlands',''),
  (2163,159,'Western',''),
  (2164,159,'Western Highlands',''),
  (2165,159,'West New Britain',''),
  (2166,160,'Alto Paraguay',''),
  (2167,160,'Alto Parana',''),
  (2168,160,'Amambay',''),
  (2169,160,'Boqueron',''),
  (2170,160,'Caaguazu',''),
  (2171,160,'Caazapa',''),
  (2172,160,'Canindeyu',''),
  (2173,160,'Central',''),
  (2174,160,'Chaco',''),
  (2175,160,'Concepcion',''),
  (2176,160,'Cordillera',''),
  (2177,160,'Guaira',''),
  (2178,160,'Itapua',''),
  (2179,160,'Misiones',''),
  (2180,160,'Neembucu',''),
  (2181,160,'Nueva Asuncion',''),
  (2182,160,'Paraguari',''),
  (2183,160,'Presidente Hayes',''),
  (2184,160,'San Pedro',''),
  (2185,161,'Amazonas',''),
  (2186,161,'Ancash',''),
  (2187,161,'Apurimac',''),
  (2188,161,'Arequipa',''),
  (2189,161,'Ayacucho',''),
  (2190,161,'Cajamarca',''),
  (2191,161,'Callao',''),
  (2192,161,'Cusco',''),
  (2193,161,'Huancavelica',''),
  (2194,161,'Huanuco',''),
  (2195,161,'Ica',''),
  (2196,161,'Junin',''),
  (2197,161,'La Libertad',''),
  (2198,161,'Lambayeque',''),
  (2199,161,'Lima',''),
  (2200,161,'Loreto',''),
  (2201,161,'Madre de Dios',''),
  (2202,161,'Moquegua',''),
  (2203,161,'Pasco',''),
  (2204,161,'Piura',''),
  (2205,161,'Puno',''),
  (2206,161,'San Martin',''),
  (2207,161,'Tacna',''),
  (2208,161,'Tumbes',''),
  (2209,161,'Ucayali',''),
  (2210,162,'Abra',''),
  (2211,162,'Agusan del Norte',''),
  (2212,162,'Agusan del Sur',''),
  (2213,162,'Aklan',''),
  (2214,162,'Albay',''),
  (2215,162,'Angeles',''),
  (2216,162,'Antique',''),
  (2217,162,'Aurora',''),
  (2218,162,'Bacolod',''),
  (2219,162,'Bago',''),
  (2220,162,'Baguio',''),
  (2221,162,'Bais',''),
  (2222,162,'Basilan',''),
  (2223,162,'Basilan City',''),
  (2224,162,'Bataan',''),
  (2225,162,'Batanes',''),
  (2226,162,'Batangas',''),
  (2227,162,'Batangas City',''),
  (2228,162,'Benguet',''),
  (2229,162,'Bohol',''),
  (2230,162,'Bukidnon',''),
  (2231,162,'Bulacan',''),
  (2232,162,'Butuan',''),
  (2233,162,'Cabanatuan',''),
  (2234,162,'Cadiz',''),
  (2235,162,'Cagayan',''),
  (2236,162,'Cagayan de Oro',''),
  (2237,162,'Calbayog',''),
  (2238,162,'Caloocan',''),
  (2239,162,'Camarines Norte',''),
  (2240,162,'Camarines Sur',''),
  (2241,162,'Camiguin',''),
  (2242,162,'Canlaon',''),
  (2243,162,'Capiz',''),
  (2244,162,'Catanduanes',''),
  (2245,162,'Cavite',''),
  (2246,162,'Cavite City',''),
  (2247,162,'Cebu',''),
  (2248,162,'Cebu City',''),
  (2249,162,'Cotabato',''),
  (2250,162,'Dagupan',''),
  (2251,162,'Danao',''),
  (2252,162,'Dapitan',''),
  (2253,162,'Davao',''),
  (2254,162,'Davao City',''),
  (2255,162,'Davao del Sur',''),
  (2256,162,'Davao Oriental',''),
  (2257,162,'Dipolog',''),
  (2258,162,'Dumaguete',''),
  (2259,162,'Eastern Samar',''),
  (2260,162,'General Santos',''),
  (2261,162,'Gingoog',''),
  (2262,162,'Ifugao',''),
  (2263,162,'Iligan',''),
  (2264,162,'Ilocos Norte',''),
  (2265,162,'Ilocos Sur',''),
  (2266,162,'Iloilo',''),
  (2267,162,'Iloilo City',''),
  (2268,162,'Iriga',''),
  (2269,162,'Isabela',''),
  (2270,162,'Kalinga-Apayao',''),
  (2271,162,'La Carlota',''),
  (2272,162,'Laguna',''),
  (2273,162,'Lanao del Norte',''),
  (2274,162,'Lanao del Sur',''),
  (2275,162,'Laoag',''),
  (2276,162,'Lapu-Lapu',''),
  (2277,162,'La Union',''),
  (2278,162,'Legaspi',''),
  (2279,162,'Leyte',''),
  (2280,162,'Lipa',''),
  (2281,162,'Lucena',''),
  (2282,162,'Maguindanao',''),
  (2283,162,'Mandaue',''),
  (2284,162,'Manila',''),
  (2285,162,'Marawi',''),
  (2286,162,'Marinduque',''),
  (2287,162,'Masbate',''),
  (2288,162,'Mindoro Occidental',''),
  (2289,162,'Mindoro Oriental',''),
  (2290,162,'Misamis Occidental',''),
  (2291,162,'Misamis Oriental',''),
  (2292,162,'Mountain',''),
  (2293,162,'Naga',''),
  (2294,162,'Negros Occidental',''),
  (2295,162,'Negros Oriental',''),
  (2296,162,'North Cotabato',''),
  (2297,162,'Northern Samar',''),
  (2298,162,'Nueva Ecija',''),
  (2299,162,'Nueva Vizcaya',''),
  (2300,162,'Olongapo',''),
  (2301,162,'Ormoc',''),
  (2302,162,'Oroquieta',''),
  (2303,162,'Ozamis',''),
  (2304,162,'Pagadian',''),
  (2305,162,'Palawan',''),
  (2306,162,'Palayan',''),
  (2307,162,'Pampanga',''),
  (2308,162,'Pangasinan',''),
  (2309,162,'Pasay',''),
  (2310,162,'Puerto Princesa',''),
  (2311,162,'Quezon',''),
  (2312,162,'Quezon City',''),
  (2313,162,'Quirino',''),
  (2314,162,'Rizal',''),
  (2315,162,'Romblon',''),
  (2316,162,'Roxas',''),
  (2317,162,'Samar',''),
  (2318,162,'San Carlos',''),
  (2319,162,'San Jose',''),
  (2320,162,'San Pablo',''),
  (2321,162,'Silay',''),
  (2322,162,'Siquijor',''),
  (2323,162,'Sorsogon',''),
  (2324,162,'South Cotabato',''),
  (2325,162,'Southern Leyte',''),
  (2326,162,'Sultan Kudarat',''),
  (2327,162,'Sulu',''),
  (2328,162,'Surigao',''),
  (2329,162,'Surigao del Norte',''),
  (2330,162,'Surigao del Sur',''),
  (2331,162,'Tacloban',''),
  (2332,162,'Tagaytay',''),
  (2333,162,'Tagbilaran',''),
  (2334,162,'Tangub',''),
  (2335,162,'Tarlac',''),
  (2336,162,'Tawitawi',''),
  (2337,162,'Toledo',''),
  (2338,162,'Trece Martires',''),
  (2339,162,'Zambales',''),
  (2340,162,'Zamboanga',''),
  (2341,162,'Zamboanga del Norte',''),
  (2342,162,'Zamboanga del Sur',''),
  (2343,163,'Biala Podlaska',''),
  (2344,163,'Bialystok',''),
  (2345,163,'Bielsko',''),
  (2346,163,'Bydgoszcz',''),
  (2347,163,'Chelm',''),
  (2348,163,'Ciechanow',''),
  (2349,163,'Czestochowa',''),
  (2350,163,'Elblag',''),
  (2351,163,'Gdansk',''),
  (2352,163,'Gorzow',''),
  (2353,163,'Jelenia Gora',''),
  (2354,163,'Kalisz',''),
  (2355,163,'Katowice',''),
  (2356,163,'Kielce',''),
  (2357,163,'Konin',''),
  (2358,163,'Koszalin',''),
  (2359,163,'Krakow',''),
  (2360,163,'Krosno',''),
  (2361,163,'Legnica',''),
  (2362,163,'Leszno',''),
  (2363,163,'Lodz',''),
  (2364,163,'Lomza',''),
  (2365,163,'Lublin',''),
  (2366,163,'Nowy Sacz',''),
  (2367,163,'Olsztyn',''),
  (2368,163,'Opole',''),
  (2369,163,'Ostroleka',''),
  (2370,163,'Pila',''),
  (2371,163,'Piotrkow',''),
  (2372,163,'Plock',''),
  (2373,163,'Poznan',''),
  (2374,163,'Przemysl',''),
  (2375,163,'Radom',''),
  (2376,163,'Rzeszow',''),
  (2377,163,'Siedlce',''),
  (2378,163,'Sieradz',''),
  (2379,163,'Skierniewice',''),
  (2380,163,'Slupsk',''),
  (2381,163,'Suwalki',''),
  (2382,163,'Szczecin',''),
  (2383,163,'Tarnobrzeg',''),
  (2384,163,'Tarnow',''),
  (2385,163,'Torun',''),
  (2386,163,'Walbrzych',''),
  (2387,163,'Warszawa',''),
  (2388,163,'Wloclawek',''),
  (2389,163,'Wroclaw',''),
  (2390,163,'Zamosc',''),
  (2391,163,'Zielona Gora',''),
  (2392,165,'Aveiro',''),
  (2393,165,'Azores',''),
  (2394,165,'Beja',''),
  (2395,165,'Braga',''),
  (2396,165,'Braganca',''),
  (2397,165,'Castelo Branco',''),
  (2398,165,'Coimbra',''),
  (2399,165,'Evora',''),
  (2400,165,'Faro',''),
  (2401,165,'Guarda',''),
  (2402,165,'Leiria',''),
  (2403,165,'Lisboa',''),
  (2404,165,'Madeira',''),
  (2405,165,'Portalegre',''),
  (2406,165,'Porto',''),
  (2407,165,'Santarem',''),
  (2408,165,'Setubal',''),
  (2409,165,'Viana do Castelo',''),
  (2410,165,'Vila Real',''),
  (2411,165,'Viseu',''),
  (2412,167,'Ad Dawhah',''),
  (2413,167,'Al Ghuwariyah',''),
  (2414,167,'Al Jumaliyah',''),
  (2415,167,'Al Khawr',''),
  (2416,167,'Al Wakrah',''),
  (2417,167,'Ar Rayyan',''),
  (2418,167,'Jariyan al Batnah',''),
  (2419,167,'Madinat ach Shamal',''),
  (2420,167,'Umm Salal',''),
  (2421,169,'Alba',''),
  (2422,169,'Arad',''),
  (2423,169,'Arges',''),
  (2424,169,'Bacau',''),
  (2425,169,'Bihor',''),
  (2426,169,'Bistrita-Nasaud',''),
  (2427,169,'Botosani',''),
  (2428,169,'Braila',''),
  (2429,169,'Brasov',''),
  (2430,169,'Bucuresti',''),
  (2431,169,'Buzau',''),
  (2432,169,'Calarasi',''),
  (2433,169,'Caras-Severin',''),
  (2434,169,'Cluj',''),
  (2435,169,'Constanta',''),
  (2436,169,'Covasna',''),
  (2437,169,'Dambovita',''),
  (2438,169,'Dolj',''),
  (2439,169,'Galati',''),
  (2440,169,'Giurgiu',''),
  (2441,169,'Gorj',''),
  (2442,169,'Harghita',''),
  (2443,169,'Hunedoara',''),
  (2444,169,'Ialomita',''),
  (2445,169,'Iasi',''),
  (2446,169,'Maramures',''),
  (2447,169,'Mehedinti',''),
  (2448,169,'Mures',''),
  (2449,169,'Neamt',''),
  (2450,169,'Olt',''),
  (2451,169,'Prahova',''),
  (2452,169,'Salaj',''),
  (2453,169,'Satu Mare',''),
  (2454,169,'Sibiu',''),
  (2455,169,'Suceava',''),
  (2456,169,'Teleorman',''),
  (2457,169,'Timis',''),
  (2458,169,'Tulcea',''),
  (2459,169,'Valcea',''),
  (2460,169,'Vaslui',''),
  (2461,169,'Vrancea',''),
  (2462,171,'Adygey',''),
  (2463,171,'Aga Buryat',''),
  (2464,171,'Altaiskiy kray',''),
  (2465,171,'Altay',''),
  (2466,171,'Amur',''),
  (2467,171,'Amurskaya obl.',''),
  (2468,171,'Arkhangel`sk',''),
  (2469,171,'Arkhangelskaya obl.',''),
  (2470,171,'Astrakhan`',''),
  (2471,171,'Astrakhanskaya obl.',''),
  (2472,171,'Bashkortostan',''),
  (2473,171,'Belgorod',''),
  (2474,171,'Belgorodskaya obl.',''),
  (2475,171,'Bryansk',''),
  (2476,171,'Bryanskaya obl.',''),
  (2477,171,'Buryat',''),
  (2478,171,'Chechnya',''),
  (2479,171,'Chelyabinsk',''),
  (2480,171,'Chelyabinskaya obl.',''),
  (2481,171,'Chita',''),
  (2482,171,'Chitinskaya obl.',''),
  (2483,171,'Chukot',''),
  (2484,171,'Chukotka Auth. Dist.',''),
  (2485,171,'Chuvash',''),
  (2486,171,'Chuvash Rep.',''),
  (2487,171,'Dagestan',''),
  (2488,171,'Evenk',''),
  (2489,171,'Evenkia Auth. Dist.',''),
  (2490,171,'Gorno-Altay',''),
  (2491,171,'Ingush',''),
  (2492,171,'Irkutsk',''),
  (2493,171,'Irkutskaya obl.',''),
  (2494,171,'Ivanovo',''),
  (2495,171,'Ivanovskaya obl.',''),
  (2496,171,'Jewish Aut. Region',''),
  (2497,171,'Kabardin-Balkar',''),
  (2498,171,'Kabardino-Balkaryan rep.',''),
  (2499,171,'Kaliningrad',''),
  (2500,171,'Kaliningradskaya obl.','');
COMMIT;

#
# Data for the `state` table  (LIMIT 2500,500)
#

INSERT INTO `state` (`id`, `country_id`, `title`, `abbreviation`) VALUES 
  (2501,171,'Kalmyk',''),
  (2502,171,'Kaluga',''),
  (2503,171,'Kaluzhskaya obl.',''),
  (2504,171,'Kamchatka',''),
  (2505,171,'Kamchatskaya obl.',''),
  (2506,171,'Karachay-Cherkess',''),
  (2507,171,'Karachay-Cherkess rep.',''),
  (2508,171,'Karelia',''),
  (2509,171,'Kemerovo',''),
  (2510,171,'Kemerovskaya obl.',''),
  (2511,171,'Khabarovsk',''),
  (2512,171,'Khabarovskiy kray',''),
  (2513,171,'Khakass',''),
  (2514,171,'Khanty-Mansiy',''),
  (2515,171,'Khanty-Mansiysk Auth. Dist.',''),
  (2516,171,'Kirov',''),
  (2517,171,'Kirovskaya obl.',''),
  (2518,171,'Komi',''),
  (2519,171,'Komi-Permyak',''),
  (2520,171,'Koryak',''),
  (2521,171,'Kostroma',''),
  (2522,171,'Kostromskaya obl.',''),
  (2523,171,'Krasnodar',''),
  (2524,171,'Krasnodarskiy kray',''),
  (2525,171,'Krasnoyarsk',''),
  (2526,171,'Krasnoyarskiy kray',''),
  (2527,171,'Kurgan',''),
  (2528,171,'Kurganskaya obl.',''),
  (2529,171,'Kursk',''),
  (2530,171,'Kurskaya obl.',''),
  (2531,171,'Leningrad',''),
  (2532,171,'Leningradskaya obl.',''),
  (2533,171,'Lipetsk',''),
  (2534,171,'Lipetskaya obl.',''),
  (2535,171,'Magadan',''),
  (2536,171,'Magadanskaya obl.',''),
  (2537,171,'Mariy-El',''),
  (2538,171,'Mordovia',''),
  (2539,171,'Moscow City',''),
  (2540,171,'Moskovskaya obl.',''),
  (2541,171,'Moskva',''),
  (2542,171,'Murmansk',''),
  (2543,171,'Murmanskaya obl.',''),
  (2544,171,'Nenets',''),
  (2545,171,'Nizhegorod',''),
  (2546,171,'Nizhegorodskaya obl.',''),
  (2547,171,'North Ossetia',''),
  (2548,171,'Novgorod',''),
  (2549,171,'Novgorodskaya obl.',''),
  (2550,171,'Novosibirsk',''),
  (2551,171,'Novosibirskaya obl.',''),
  (2552,171,'Omsk',''),
  (2553,171,'Omskaya obl.',''),
  (2554,171,'Orel',''),
  (2555,171,'Orenburg',''),
  (2556,171,'Orenburgskaya obl.',''),
  (2557,171,'Orlovskaya obl.',''),
  (2558,171,'Penza',''),
  (2559,171,'Penzenskaya obl.',''),
  (2560,171,'Perm`',''),
  (2561,171,'Permskaya obl.',''),
  (2562,171,'Primorskiy kray',''),
  (2563,171,'Primor`ye',''),
  (2564,171,'Pskov',''),
  (2565,171,'Pskovskaya obl.',''),
  (2566,171,'Rep. of Adyghe',''),
  (2567,171,'Rep. of Altai',''),
  (2568,171,'Rep. of Bashkortostan',''),
  (2569,171,'Rep. of Buryatia',''),
  (2570,171,'Rep. of Daghestan',''),
  (2571,171,'Rep. of Ingushetia',''),
  (2572,171,'Rep. of Kalmykia',''),
  (2573,171,'Rep. of Karelia',''),
  (2574,171,'Rep. of Khakassia',''),
  (2575,171,'Rep. of Komi',''),
  (2576,171,'Rep. of Mari El',''),
  (2577,171,'Rep. of Mordovia',''),
  (2578,171,'Rep. of North Ossetia',''),
  (2579,171,'Rep. of Sakha',''),
  (2580,171,'Rep. of Tatarstan',''),
  (2581,171,'Rep. of Tyva',''),
  (2582,171,'Rostov',''),
  (2583,171,'Rostovskaya obl.',''),
  (2584,171,'Ryazan`',''),
  (2585,171,'Ryazanskaya obl.',''),
  (2586,171,'Saint Petersburg City',''),
  (2587,171,'Sakha',''),
  (2588,171,'Sakhalin',''),
  (2589,171,'Sakhalinskaya obl.',''),
  (2590,171,'Samara',''),
  (2591,171,'Samarskaya obl.',''),
  (2592,171,'Saratov',''),
  (2593,171,'Saratovskaya obl.',''),
  (2594,171,'Smolensk',''),
  (2595,171,'Smolenskaya obl.',''),
  (2596,171,'Stavropol`',''),
  (2597,171,'Stavropolskiy kray',''),
  (2598,171,'Sverdlovsk',''),
  (2599,171,'Sverdlovskaya obl.',''),
  (2600,171,'Tambov',''),
  (2601,171,'Tambovskaya obl.',''),
  (2602,171,'Tatarstan',''),
  (2603,171,'Taymyr',''),
  (2604,171,'Tomsk',''),
  (2605,171,'Tomskaya obl.',''),
  (2606,171,'Tula',''),
  (2607,171,'Tul`skaya obl.',''),
  (2608,171,'Tuva',''),
  (2609,171,'Tver`',''),
  (2610,171,'Tverskaya obl.',''),
  (2611,171,'Tyumen`',''),
  (2612,171,'Tyumenskaya obl.',''),
  (2613,171,'Udmurt',''),
  (2614,171,'Udmurt Rep.',''),
  (2615,171,'Ul`yanovsk',''),
  (2616,171,'Ul`yanovskaya obl.',''),
  (2617,171,'Ust-Orda Buryat',''),
  (2618,171,'Vladimir',''),
  (2619,171,'Vladimirskaya obl.',''),
  (2620,171,'Volgograd',''),
  (2621,171,'Volgogradskaya obl.',''),
  (2622,171,'Vologda',''),
  (2623,171,'Vologodskaya obl.',''),
  (2624,171,'Voronezh',''),
  (2625,171,'Voronezhskaya obl.',''),
  (2626,171,'Yamal-Nenets',''),
  (2627,171,'Yamalo-Nenetskiy Auth. Dist.',''),
  (2628,171,'Yaroslavl`',''),
  (2629,171,'Yaroslavskaya obl.',''),
  (2630,171,'Yevrey',''),
  (2631,172,'Butare',''),
  (2632,172,'Byumba',''),
  (2633,172,'Cyangugu',''),
  (2634,172,'Gikongoro',''),
  (2635,172,'Gisenyi',''),
  (2636,172,'Gitarama',''),
  (2637,172,'Kibungo',''),
  (2638,172,'Kibuye',''),
  (2639,172,'Kigali',''),
  (2640,172,'Ruhengeri',''),
  (2641,175,'Acquaviva',''),
  (2642,175,'Borgo Maggiore',''),
  (2643,175,'Chiesanuova',''),
  (2644,175,'Domagnano',''),
  (2645,175,'Faetano',''),
  (2646,175,'Fiorentino',''),
  (2647,175,'Monte Giardino',''),
  (2648,175,'San Marino',''),
  (2649,175,'Serravalle',''),
  (2650,176,'Al Bahah',''),
  (2651,176,'Al Hudud ash Shamaliyah',''),
  (2652,176,'Al Jawf',''),
  (2653,176,'Al Madinah',''),
  (2654,176,'Al Qasim',''),
  (2655,176,'Al Qurayyat',''),
  (2656,176,'Ar Riyad',''),
  (2657,176,'Ash Sharqiyah',''),
  (2658,176,'Ha`il',''),
  (2659,176,'Jizan',''),
  (2660,176,'Makkah',''),
  (2661,176,'Najran',''),
  (2662,176,'Tabuk',''),
  (2663,178,'Dakar',''),
  (2664,178,'Diourbel',''),
  (2665,178,'Fatick',''),
  (2666,178,'Kaolack',''),
  (2667,178,'Kolda',''),
  (2668,178,'Louga',''),
  (2669,178,'Saint-Louis',''),
  (2670,178,'Tambacounda',''),
  (2671,178,'Thies',''),
  (2672,178,'Ziguinchor',''),
  (2673,181,'Eastern',''),
  (2674,181,'Northern',''),
  (2675,181,'Southern',''),
  (2676,181,'Western Area',''),
  (2677,183,'Banska Bystrica',''),
  (2678,183,'Bratislava',''),
  (2679,183,'Kosice',''),
  (2680,183,'Nitra',''),
  (2681,183,'Presov',''),
  (2682,183,'Trencin',''),
  (2683,183,'Trnava',''),
  (2684,183,'Zilina',''),
  (2685,186,'Eastern Cape',''),
  (2686,186,'Free State',''),
  (2687,186,'Gauteng',''),
  (2688,186,'KwaZulu Natal',''),
  (2689,186,'Limpopo',''),
  (2690,186,'Mpumalanga',''),
  (2691,186,'Northern Cape',''),
  (2692,186,'North West',''),
  (2693,186,'Western Cape',''),
  (2694,187,'Cheju-do',''),
  (2695,187,'Cholla-bukto',''),
  (2696,187,'Cholla-namdo',''),
  (2697,187,'Ch`ungch`ong-bukto',''),
  (2698,187,'Ch`ungch`ong-namdo',''),
  (2699,187,'Inch`on-jikhalsi',''),
  (2700,187,'Kangwon-do',''),
  (2701,187,'Kwangju-jikhalsi',''),
  (2702,187,'Kyonggi-do',''),
  (2703,187,'Kyongsang-bukto',''),
  (2704,187,'Kyongsang-namdo',''),
  (2705,187,'Pusan-jikhalsi',''),
  (2706,187,'Soul-t`ukpyolsi',''),
  (2707,187,'Taegu-jikhalsi',''),
  (2708,187,'Taejon-jikhalsi',''),
  (2709,187,'Ulsan-gwangyoksi',''),
  (2710,188,'Andalucia',''),
  (2711,188,'Aragon',''),
  (2712,188,'Asturias',''),
  (2713,188,'Balearic Islands',''),
  (2714,188,'Basque Country',''),
  (2715,188,'Canarias',''),
  (2716,188,'Canary Islands',''),
  (2717,188,'Cantabria',''),
  (2718,188,'Castile and Leon',''),
  (2719,188,'Castile-La-Mancha',''),
  (2720,188,'Castilla-La Mancha',''),
  (2721,188,'Castilla y Leon',''),
  (2722,188,'Catalonia',''),
  (2723,188,'Cataluna',''),
  (2724,188,'Extremadura',''),
  (2725,188,'Galicia',''),
  (2726,188,'Islas Baleares',''),
  (2727,188,'La Rioja',''),
  (2728,188,'Madrid',''),
  (2729,188,'Murcia',''),
  (2730,188,'Navarra',''),
  (2731,188,'Navarre',''),
  (2732,188,'Pais Vasco',''),
  (2733,188,'Valenciana',''),
  (2734,188,'Valencian Community',''),
  (2735,189,'Amparai',''),
  (2736,189,'Anuradhapura',''),
  (2737,189,'Badulla',''),
  (2738,189,'Batticaloa',''),
  (2739,189,'Colombo',''),
  (2740,189,'Galle',''),
  (2741,189,'Gampaha',''),
  (2742,189,'Hambantota',''),
  (2743,189,'Jaffna',''),
  (2744,189,'Kalutara',''),
  (2745,189,'Kandy',''),
  (2746,189,'Kegalla',''),
  (2747,189,'Kurunegala',''),
  (2748,189,'Mannar',''),
  (2749,189,'Matale',''),
  (2750,189,'Matara',''),
  (2751,189,'Moneragala',''),
  (2752,189,'Mullaittivu',''),
  (2753,189,'Nuwara Eliya',''),
  (2754,189,'Polonnaruwa',''),
  (2755,189,'Puttalam',''),
  (2756,189,'Ratnapura',''),
  (2757,189,'Trincomalee',''),
  (2758,189,'Vavuniya',''),
  (2759,201,'Brokopondo',''),
  (2760,201,'Commewijne',''),
  (2761,201,'Coronie',''),
  (2762,201,'Marowijne',''),
  (2763,201,'Nickerie',''),
  (2764,201,'Para',''),
  (2765,201,'Paramaribo',''),
  (2766,201,'Saramacca',''),
  (2767,201,'Sipaliwini',''),
  (2768,201,'Wanica',''),
  (2769,202,'Hhohho',''),
  (2770,202,'Lubombo',''),
  (2771,202,'Manzini',''),
  (2772,202,'Praslin',''),
  (2773,202,'Shiselweni',''),
  (2774,203,'Alvsborgs Lan',''),
  (2775,203,'Blekinge Lan',''),
  (2776,203,'Gavleborgs Lan',''),
  (2777,203,'Goteborgs och Bohus Lan',''),
  (2778,203,'Gotlands Lan',''),
  (2779,203,'Hallands Lan',''),
  (2780,203,'Jamtlands Lan',''),
  (2781,203,'Jonkopings Lan',''),
  (2782,203,'Kalmar Lan',''),
  (2783,203,'Kopparbergs Lan',''),
  (2784,203,'Kristianstads Lan',''),
  (2785,203,'Kronobergs Lan',''),
  (2786,203,'Malmohus Lan',''),
  (2787,203,'Norrbottens Lan',''),
  (2788,203,'Orebro Lan',''),
  (2789,203,'Ostergotlands Lan',''),
  (2790,203,'Skane Lan',''),
  (2791,203,'Skaraborgs Lan',''),
  (2792,203,'Sodermanlands Lan',''),
  (2793,203,'Stockholms Lan',''),
  (2794,203,'Uppsala Lan',''),
  (2795,203,'Varmlands Lan',''),
  (2796,203,'Vasterbottens Lan',''),
  (2797,203,'Vasternorrlands Lan',''),
  (2798,203,'Vastra Gotaland',''),
  (2799,204,'Aargau',''),
  (2800,204,'Ausser-Rhoden',''),
  (2801,204,'Basel-Landschaft',''),
  (2802,204,'Basel-Stadt',''),
  (2803,204,'Bern',''),
  (2804,204,'Fribourg',''),
  (2805,204,'Geneve',''),
  (2806,204,'Glarus',''),
  (2807,204,'Graubunden',''),
  (2808,204,'Inner-Rhoden',''),
  (2809,204,'Jura',''),
  (2810,204,'Luzern',''),
  (2811,204,'Neuchatel',''),
  (2812,204,'Nidwalden',''),
  (2813,204,'Obwalden',''),
  (2814,204,'Sankt Gallen',''),
  (2815,204,'Schaffhausen',''),
  (2816,204,'Schwyz',''),
  (2817,204,'Solothurn',''),
  (2818,204,'Thurgau',''),
  (2819,204,'Ticino',''),
  (2820,204,'Uri',''),
  (2821,204,'Valais',''),
  (2822,204,'Vaud',''),
  (2823,204,'Zug',''),
  (2824,204,'Zurich',''),
  (2825,205,'Al Hasakah',''),
  (2826,205,'Al Ladhiqiyah',''),
  (2827,205,'Al Qunaytirah',''),
  (2828,205,'Ar Raqqah',''),
  (2829,205,'As Suwayda`',''),
  (2830,205,'Dar',''),
  (2831,205,'Dayr az Zawr',''),
  (2832,205,'Dimashq',''),
  (2833,205,'Halab',''),
  (2834,205,'Hamah',''),
  (2835,205,'Hims',''),
  (2836,205,'Idlib',''),
  (2837,205,'Rif Dimashq',''),
  (2838,205,'Tartus',''),
  (2839,207,'Fu-chien',''),
  (2840,207,'Kao-hsiung',''),
  (2841,207,'T`ai-pei',''),
  (2842,207,'T`ai-wan',''),
  (2843,209,'Arusha',''),
  (2844,209,'Dar es Salaam',''),
  (2845,209,'Dodoma',''),
  (2846,209,'Iringa',''),
  (2847,209,'Kagera',''),
  (2848,209,'Kigoma',''),
  (2849,209,'Kilimanjaro',''),
  (2850,209,'Lindi',''),
  (2851,209,'Mara',''),
  (2852,209,'Mbeya',''),
  (2853,209,'Morogoro',''),
  (2854,209,'Mtwara',''),
  (2855,209,'Mwanza',''),
  (2856,209,'Pemba North',''),
  (2857,209,'Pemba South',''),
  (2858,209,'Pwani',''),
  (2859,209,'Rukwa',''),
  (2860,209,'Ruvuma',''),
  (2861,209,'Shinyanga',''),
  (2862,209,'Singida',''),
  (2863,209,'Tabora',''),
  (2864,209,'Tanga',''),
  (2865,209,'Zanzibar Central',''),
  (2866,209,'Zanzibar North',''),
  (2867,209,'Zanzibar Urban',''),
  (2868,210,'Ang Thong',''),
  (2869,210,'Buriram',''),
  (2870,210,'Chachoengsao',''),
  (2871,210,'Chai Nat',''),
  (2872,210,'Chaiyaphum',''),
  (2873,210,'Chanthaburi',''),
  (2874,210,'Chiang Mai',''),
  (2875,210,'Chiang Rai',''),
  (2876,210,'Chon Buri',''),
  (2877,210,'Chumphon',''),
  (2878,210,'Kalasin',''),
  (2879,210,'Kamphaeng Phet',''),
  (2880,210,'Kanchanaburi',''),
  (2881,210,'Khon Kaen',''),
  (2882,210,'Krabi',''),
  (2883,210,'Krung Thep',''),
  (2884,210,'Lampang',''),
  (2885,210,'Lamphun',''),
  (2886,210,'Loei',''),
  (2887,210,'Lop Buri',''),
  (2888,210,'Mae Hong Son',''),
  (2889,210,'Maha Sarakham',''),
  (2890,210,'Nakhon Nayok',''),
  (2891,210,'Nakhon Pathom',''),
  (2892,210,'Nakhon Phanom',''),
  (2893,210,'Nakhon Ratchasima',''),
  (2894,210,'Nakhon Sawan',''),
  (2895,210,'Nakhon Si Thammarat',''),
  (2896,210,'Nan',''),
  (2897,210,'Narathiwat',''),
  (2898,210,'Nong Khai',''),
  (2899,210,'Nonthaburi',''),
  (2900,210,'Pathum Thani',''),
  (2901,210,'Pattani',''),
  (2902,210,'Phangnga',''),
  (2903,210,'Phatthalung',''),
  (2904,210,'Phayao',''),
  (2905,210,'Phetchabun',''),
  (2906,210,'Phetchaburi',''),
  (2907,210,'Phichit',''),
  (2908,210,'Phitsanulok',''),
  (2909,210,'Phrae',''),
  (2910,210,'Phra Nakhon Si Ayutthaya',''),
  (2911,210,'Phuket',''),
  (2912,210,'Prachin Buri',''),
  (2913,210,'Prachuap Khiri Khan',''),
  (2914,210,'Ranong',''),
  (2915,210,'Ratchaburi',''),
  (2916,210,'Rayong',''),
  (2917,210,'Roi Et',''),
  (2918,210,'Sakon Nakhon',''),
  (2919,210,'Samut Prakan',''),
  (2920,210,'Samut Sakhon',''),
  (2921,210,'Samut Songkhram',''),
  (2922,210,'Saraburi',''),
  (2923,210,'Satun',''),
  (2924,210,'Sing Buri',''),
  (2925,210,'Sisaket',''),
  (2926,210,'Songkhla',''),
  (2927,210,'Sukhothai',''),
  (2928,210,'Suphan Buri',''),
  (2929,210,'Surat Thani',''),
  (2930,210,'Surin',''),
  (2931,210,'Tak',''),
  (2932,210,'Trang',''),
  (2933,210,'Trat',''),
  (2934,210,'Ubon Ratchathani',''),
  (2935,210,'Udon Thani',''),
  (2936,210,'Uthai Thani',''),
  (2937,210,'Uttaradit',''),
  (2938,210,'Yala',''),
  (2939,210,'Yasothon',''),
  (2940,212,'Amlame',''),
  (2941,212,'Aneho',''),
  (2942,212,'Atakpame',''),
  (2943,212,'Badou',''),
  (2944,212,'Bafilo',''),
  (2945,212,'Bassar',''),
  (2946,212,'Dapaong',''),
  (2947,212,'Kante',''),
  (2948,212,'Klouto',''),
  (2949,212,'Kpagouda',''),
  (2950,212,'Lama-Kara',''),
  (2951,212,'Lome',''),
  (2952,212,'Mango',''),
  (2953,212,'Niamtougou',''),
  (2954,212,'Notse',''),
  (2955,212,'Sotouboua',''),
  (2956,212,'Tabligbo',''),
  (2957,212,'Tchamba',''),
  (2958,212,'Tchaoudjo',''),
  (2959,212,'Tsevie',''),
  (2960,212,'Vogan',''),
  (2961,213,'Ha',''),
  (2962,213,'Tongatapu',''),
  (2963,213,'Vava',''),
  (2964,217,'Al Kaf',''),
  (2965,217,'Al Mahdiyah',''),
  (2966,217,'Al Munastir',''),
  (2967,217,'Al Qasrayn',''),
  (2968,217,'Al Qayrawan',''),
  (2969,217,'Aryanah',''),
  (2970,217,'Bajah',''),
  (2971,217,'Banzart',''),
  (2972,217,'Bin',''),
  (2973,217,'Jundubah',''),
  (2974,217,'Madanin',''),
  (2975,217,'Nabul',''),
  (2976,217,'Qabis',''),
  (2977,217,'Qafsah',''),
  (2978,217,'Qibili',''),
  (2979,217,'Safaqis',''),
  (2980,217,'Sidi Bu Zayd',''),
  (2981,217,'Silyanah',''),
  (2982,217,'Susah',''),
  (2983,217,'Tatawin',''),
  (2984,217,'Tawzar',''),
  (2985,217,'Tunis',''),
  (2986,217,'Zaghwan',''),
  (2987,218,'Adana',''),
  (2988,218,'Adiyaman',''),
  (2989,218,'Afyon',''),
  (2990,218,'Agri',''),
  (2991,218,'Aksaray',''),
  (2992,218,'Amasya',''),
  (2993,218,'Ankara',''),
  (2994,218,'Antalya',''),
  (2995,218,'Ardahan',''),
  (2996,218,'Artvin',''),
  (2997,218,'Aydin',''),
  (2998,218,'Balikesir',''),
  (2999,218,'Bartin',''),
  (3000,218,'Batman','');
COMMIT;

#
# Data for the `state` table  (LIMIT 3000,500)
#

INSERT INTO `state` (`id`, `country_id`, `title`, `abbreviation`) VALUES 
  (3001,218,'Bayburt',''),
  (3002,218,'Bilecik',''),
  (3003,218,'Bingol',''),
  (3004,218,'Bitlis',''),
  (3005,218,'Bolu',''),
  (3006,218,'Burdur',''),
  (3007,218,'Bursa',''),
  (3008,218,'Canakkale',''),
  (3009,218,'Cankiri',''),
  (3010,218,'Corum',''),
  (3011,218,'Denizli',''),
  (3012,218,'Diyarbakir',''),
  (3013,218,'Edirne',''),
  (3014,218,'Elazig',''),
  (3015,218,'Erzincan',''),
  (3016,218,'Erzurum',''),
  (3017,218,'Eskisehir',''),
  (3018,218,'Gaziantep',''),
  (3019,218,'Giresun',''),
  (3020,218,'Gumushane',''),
  (3021,218,'Hakkari',''),
  (3022,218,'Hatay',''),
  (3023,218,'Icel',''),
  (3024,218,'Igdir',''),
  (3025,218,'Isparta',''),
  (3026,218,'Istanbul',''),
  (3027,218,'Izmir',''),
  (3028,218,'Kahramanmaras',''),
  (3029,218,'Karabuk',''),
  (3030,218,'Karaman',''),
  (3031,218,'Kars',''),
  (3032,218,'Kastamonu',''),
  (3033,218,'Kayseri',''),
  (3034,218,'Kilis',''),
  (3035,218,'Kirikkale',''),
  (3036,218,'Kirklareli',''),
  (3037,218,'Kirsehir',''),
  (3038,218,'Kocaeli',''),
  (3039,218,'Konya',''),
  (3040,218,'Kutahya',''),
  (3041,218,'Malatya',''),
  (3042,218,'Manisa',''),
  (3043,218,'Mardin',''),
  (3044,218,'Mugla',''),
  (3045,218,'Mus',''),
  (3046,218,'Nevsehir',''),
  (3047,218,'Nigde',''),
  (3048,218,'Ordu',''),
  (3049,218,'Osmaniye',''),
  (3050,218,'Rize',''),
  (3051,218,'Sakarya',''),
  (3052,218,'Samsun',''),
  (3053,218,'Sanliurfa',''),
  (3054,218,'Siirt',''),
  (3055,218,'Sinop',''),
  (3056,218,'Sirnak',''),
  (3057,218,'Sivas',''),
  (3058,218,'Tekirdag',''),
  (3059,218,'Tokat',''),
  (3060,218,'Trabzon',''),
  (3061,218,'Tunceli',''),
  (3062,218,'Usak',''),
  (3063,218,'Van',''),
  (3064,218,'Yalova',''),
  (3065,218,'Yozgat',''),
  (3066,218,'Zonguldak',''),
  (3067,219,'Ahal',''),
  (3068,219,'Balkan',''),
  (3069,219,'Dashoguz',''),
  (3070,219,'Lebap',''),
  (3071,9,'Barbuda',''),
  (3072,9,'Saint George',''),
  (3073,9,'Saint John',''),
  (3074,9,'Saint Mary',''),
  (3075,9,'Saint Paul',''),
  (3076,9,'Saint Peter',''),
  (3077,9,'Saint Philip',''),
  (3078,40,'Boa Vista',''),
  (3079,40,'Brava',''),
  (3080,40,'Fogo',''),
  (3081,40,'Maio',''),
  (3082,40,'Paul',''),
  (3083,40,'Praia',''),
  (3084,40,'Ribeira Grande',''),
  (3085,40,'Sal',''),
  (3086,40,'Santa Catarina',''),
  (3087,40,'Sao Nicolau',''),
  (3088,40,'Sao Vicente',''),
  (3089,40,'Tarrafal',''),
  (3090,42,'Bamingui-Bangoran',''),
  (3091,42,'Bangui',''),
  (3092,42,'Basse-Kotto',''),
  (3093,42,'Gribingui',''),
  (3094,42,'Haute-Kotto',''),
  (3095,42,'Haute-Sangha',''),
  (3096,42,'Haut-Mbomou',''),
  (3097,42,'Kemo-Gribingui',''),
  (3098,42,'Lobaye',''),
  (3099,42,'Mbomou',''),
  (3100,42,'Nana-Mambere',''),
  (3101,42,'Ombella-Mpoko',''),
  (3102,42,'Ouaka',''),
  (3103,42,'Ouham',''),
  (3104,42,'Ouham-Pende',''),
  (3105,42,'Sangha',''),
  (3106,42,'Vakaga',''),
  (3107,43,'Batha',''),
  (3108,43,'Biltine',''),
  (3109,43,'Borkou-Ennedi-Tibesti',''),
  (3110,43,'Chari-Baguirmi',''),
  (3111,43,'Guera',''),
  (3112,43,'Kanem',''),
  (3113,43,'Lac',''),
  (3114,43,'Logone Occidental',''),
  (3115,43,'Logone Oriental',''),
  (3116,43,'Mayo-Kebbi',''),
  (3117,43,'Moyen-Chari',''),
  (3118,43,'Ouaddai',''),
  (3119,43,'Salamat',''),
  (3120,43,'Tandjile',''),
  (3121,56,'Dikhil',''),
  (3122,56,'Djibouti',''),
  (3123,56,'Obock',''),
  (3124,56,'Tadjoura',''),
  (3125,69,'Central',''),
  (3126,69,'Eastern',''),
  (3127,69,'Northern',''),
  (3128,69,'Rotuma',''),
  (3129,69,'Western',''),
  (3130,88,'Bafata',''),
  (3131,88,'Biombo',''),
  (3132,88,'Bissau',''),
  (3133,88,'Bolama',''),
  (3134,88,'Cacheu',''),
  (3135,88,'Gabu',''),
  (3136,88,'Oio',''),
  (3137,88,'Quinara',''),
  (3138,88,'Tombali',''),
  (3139,102,'Abengourou',''),
  (3140,102,'Abidjan',''),
  (3141,102,'Aboisso',''),
  (3142,102,'Adiake',''),
  (3143,102,'Adzope',''),
  (3144,102,'Agboville',''),
  (3145,102,'Alepe',''),
  (3146,102,'Bangolo',''),
  (3147,102,'Beoumi',''),
  (3148,102,'Biankouma',''),
  (3149,102,'Bocanda',''),
  (3150,102,'Bondoukou',''),
  (3151,102,'Bongouanou',''),
  (3152,102,'Bouafle',''),
  (3153,102,'Bouake',''),
  (3154,102,'Bouna',''),
  (3155,102,'Boundiali',''),
  (3156,102,'Dabakala',''),
  (3157,102,'Dabou',''),
  (3158,102,'Daloa',''),
  (3159,102,'Danane',''),
  (3160,102,'Daoukro',''),
  (3161,102,'Dimbokro',''),
  (3162,102,'Divo',''),
  (3163,102,'Duekoue',''),
  (3164,102,'Ferkessedougou',''),
  (3165,102,'Gagnoa',''),
  (3166,102,'Grand-Bassam',''),
  (3167,102,'Grand-Lahou',''),
  (3168,102,'Guiglo',''),
  (3169,102,'Issia',''),
  (3170,102,'Jacqueville',''),
  (3171,102,'Katiola',''),
  (3172,102,'Korhogo',''),
  (3173,102,'Lakota',''),
  (3174,102,'Man',''),
  (3175,102,'Mankono',''),
  (3176,102,'Mbahiakro',''),
  (3177,102,'Odienne',''),
  (3178,102,'Oume',''),
  (3179,102,'Sakassou',''),
  (3180,102,'San Pedro',''),
  (3181,102,'Sassandra',''),
  (3182,102,'Seguela',''),
  (3183,102,'Sinfra',''),
  (3184,102,'Soubre',''),
  (3185,102,'Tabou',''),
  (3186,102,'Tanda',''),
  (3187,102,'Tiassale',''),
  (3188,102,'Tiebissou',''),
  (3189,102,'Tingrela',''),
  (3190,102,'Touba',''),
  (3191,102,'Toulepleu',''),
  (3192,102,'Toumodi',''),
  (3193,102,'Vavoua',''),
  (3194,102,'Yamoussoukro',''),
  (3195,102,'Zuenoula',''),
  (3196,105,'Grouville',''),
  (3197,105,'Saint Brelade',''),
  (3198,105,'Saint Clement',''),
  (3199,105,'Saint Helier',''),
  (3200,105,'Saint John',''),
  (3201,105,'Saint Lawrence',''),
  (3202,105,'Saint Martin',''),
  (3203,105,'Saint Mary',''),
  (3204,105,'Saint Ouen',''),
  (3205,105,'Saint Peter',''),
  (3206,105,'Saint Saviour',''),
  (3207,105,'Trinity',''),
  (3208,110,'Lelu',''),
  (3209,110,'Malem',''),
  (3210,110,'Tafunsak',''),
  (3211,110,'Utwe',''),
  (3212,110,'Walung',''),
  (3213,128,'Bamako',''),
  (3214,128,'Gao',''),
  (3215,128,'Kayes',''),
  (3216,128,'Koulikoro',''),
  (3217,128,'Mopti',''),
  (3218,128,'Segou',''),
  (3219,128,'Sikasso',''),
  (3220,128,'Tombouctou',''),
  (3221,185,'Central',''),
  (3222,185,'Guadalcanal',''),
  (3223,185,'Isabel',''),
  (3224,185,'Makira',''),
  (3225,185,'Malaita',''),
  (3226,185,'Temotu',''),
  (3227,185,'Western',''),
  (3228,196,'Anse-la-Raye',''),
  (3229,196,'Castries',''),
  (3230,196,'Choiseul',''),
  (3231,196,'Dauphin',''),
  (3232,196,'Dennery',''),
  (3233,196,'Gros-Islet',''),
  (3234,196,'Laborie',''),
  (3235,196,'Micoud',''),
  (3236,196,'Praslin',''),
  (3237,196,'Soufriere',''),
  (3238,196,'Vieux-Fort',''),
  (3239,200,'Charlotte',''),
  (3240,200,'Grenadines',''),
  (3241,200,'Saint Andrew',''),
  (3242,200,'Saint David',''),
  (3243,200,'Saint George',''),
  (3244,200,'Saint Patrick',''),
  (3245,215,'Arima',''),
  (3246,215,'Caroni',''),
  (3247,215,'Mayaro',''),
  (3248,215,'Nariva',''),
  (3249,215,'Port-of-Spain',''),
  (3250,215,'Saint Andrew',''),
  (3251,215,'Saint David',''),
  (3252,215,'Saint George',''),
  (3253,215,'Saint Patrick',''),
  (3254,215,'San Fernando',''),
  (3255,215,'Tobago',''),
  (3256,215,'Victoria',''),
  (3257,219,'Mary',''),
  (3258,222,'Adjumani',''),
  (3259,222,'Bugiri',''),
  (3260,222,'Busia',''),
  (3261,222,'Busoga',''),
  (3262,222,'Central',''),
  (3263,222,'Eastern',''),
  (3264,222,'Karamoja',''),
  (3265,222,'Katakwi',''),
  (3266,222,'Nakasongola',''),
  (3267,222,'Nile',''),
  (3268,222,'North Buganda',''),
  (3269,222,'Northern',''),
  (3270,222,'Sembabule',''),
  (3271,222,'South Buganda',''),
  (3272,222,'Southern',''),
  (3273,222,'Western',''),
  (3274,223,'Cherkasy obl.',''),
  (3275,223,'Chernihiv obl.',''),
  (3276,223,'Chernivtsi obl.',''),
  (3277,223,'Crimea',''),
  (3278,223,'Dnipropetrovsk obl.',''),
  (3279,223,'Donetsk obl.',''),
  (3280,223,'Ivano-Frankivsk obl.',''),
  (3281,223,'Kharkiv obl.',''),
  (3282,223,'Kherson obl.',''),
  (3283,223,'Khmelnytskyi obl.',''),
  (3284,223,'Kirovohrad obl.',''),
  (3285,223,'Kyiv obl.',''),
  (3286,223,'Kyyiv',''),
  (3287,223,'Luhansk obl.',''),
  (3288,223,'Lviv obl.',''),
  (3289,223,'Mykolaiv obl.',''),
  (3290,223,'Odesa obl.',''),
  (3291,223,'Poltava obl.',''),
  (3292,223,'Rivne obl.',''),
  (3293,223,'Sevastopol`',''),
  (3294,223,'Sumy obl.',''),
  (3295,223,'Ternopil obl.',''),
  (3296,223,'Vinnytsia obl.',''),
  (3297,223,'Volyn obl.',''),
  (3298,223,'Zakarpattia obl.',''),
  (3299,223,'Zaporizhia obl.',''),
  (3300,223,'Zhytomyr obl.',''),
  (3301,225,'Abu Zaby',''),
  (3302,225,'Al Fujayrah',''),
  (3303,225,'Ash Shariqah',''),
  (3304,225,'Dubayy',''),
  (3305,225,'Ra`s al Khaymah',''),
  (3306,225,'Umm al Qaywayn',''),
  (3308,226,'Avon',''),
  (3309,226,'Bedfordshire',''),
  (3310,226,'Berkshire',''),
  (3311,226,'Buckinghamshire',''),
  (3312,226,'Cambridgeshire',''),
  (3313,226,'Cheshire',''),
  (3314,226,'Cleveland',''),
  (3315,226,'Cornwall',''),
  (3316,226,'Cumbria',''),
  (3317,226,'Derbyshire',''),
  (3318,226,'Devon',''),
  (3319,226,'Dorset',''),
  (3320,226,'Durham',''),
  (3321,226,'Essex',''),
  (3322,226,'Gloucestershire',''),
  (3323,226,'Greater London',''),
  (3324,226,'Hampshire',''),
  (3325,226,'Herefordshire',''),
  (3326,226,'Hertfordshire',''),
  (3327,226,'Humberside',''),
  (3328,226,'Isle of wight',''),
  (3329,226,'Kent',''),
  (3330,226,'Lancashire',''),
  (3331,226,'Leicestershire',''),
  (3332,226,'Lincolnshire',''),
  (3333,226,'Manchester',''),
  (3334,226,'Merseyside',''),
  (3335,226,'Norfolk',''),
  (3336,226,'Northamptonshire',''),
  (3337,226,'Northumberland',''),
  (3338,226,'Nottinghamshire',''),
  (3339,226,'Oxfordshire',''),
  (3340,226,'Rutland',''),
  (3341,226,'Shropshire',''),
  (3342,226,'Somerset',''),
  (3343,226,'Staffordshire',''),
  (3344,226,'Suffolk',''),
  (3345,226,'Surrey',''),
  (3346,226,'Sussex',''),
  (3347,226,'Tyne and Wear',''),
  (3348,226,'Warwickshire',''),
  (3349,226,'West Midlands',''),
  (3350,226,'Wiltshire',''),
  (3351,226,'Worcestershire',''),
  (3352,226,'Yorkshire',''),
  (3354,226,'County Antrim',''),
  (3355,226,'County Armagh',''),
  (3356,226,'County Down',''),
  (3357,226,'County Fermanagh',''),
  (3358,226,'County Londonderry',''),
  (3359,226,'County Tyrone',''),
  (3361,226,'Borders',''),
  (3362,226,'Central',''),
  (3363,226,'Dumfries and Galloway',''),
  (3364,226,'Fife',''),
  (3365,226,'Grampian',''),
  (3366,226,'Highlands and Islands',''),
  (3367,226,'Lothian',''),
  (3368,226,'Strathclyde',''),
  (3369,226,'Tayside',''),
  (3371,226,'Anglesey',''),
  (3372,226,'Caerphilly',''),
  (3373,226,'Cardiganshire',''),
  (3374,226,'Carmarthenshire',''),
  (3375,226,'Clwyd',''),
  (3376,226,'Conwy',''),
  (3377,226,'Denbighshire',''),
  (3378,226,'Dyfed',''),
  (3379,226,'Flintshire',''),
  (3380,226,'Gwent',''),
  (3381,226,'Gwynedd County',''),
  (3382,226,'Merthyr Tydfil',''),
  (3383,226,'Mid Glamorgan',''),
  (3384,226,'Monmouthshire',''),
  (3385,226,'Pembrokeshire',''),
  (3386,226,'Powys',''),
  (3387,226,'Rhondda Cynon Taff',''),
  (3388,226,'South Glamorgan',''),
  (3389,226,'Swansea',''),
  (3390,226,'West Glamorgan',''),
  (3392,226,'Channel Islands',''),
  (3393,226,'Isle of Man',''),
  (3394,227,'Artigas',''),
  (3395,227,'Canelones',''),
  (3396,227,'Cerro Largo',''),
  (3397,227,'Colonia',''),
  (3398,227,'Durazno',''),
  (3399,227,'Flores',''),
  (3400,227,'Florida',''),
  (3401,227,'Lavalleja',''),
  (3402,227,'Maldonado',''),
  (3403,227,'Montevideo',''),
  (3404,227,'Paysandu',''),
  (3405,227,'Rio Negro',''),
  (3406,227,'Rivera',''),
  (3407,227,'Rocha',''),
  (3408,227,'Salto',''),
  (3409,227,'San Jose',''),
  (3410,227,'Soriano',''),
  (3411,227,'Tacuarembo',''),
  (3412,227,'Treinta y Tres',''),
  (3413,228,'Andijon',''),
  (3414,228,'Bukhoro',''),
  (3415,228,'Farghona',''),
  (3416,228,'Jizzakh',''),
  (3417,228,'Khorazm',''),
  (3418,228,'Namangan',''),
  (3419,228,'Nawoiy',''),
  (3420,228,'Qashqadaryo',''),
  (3421,228,'Qoraqalpoghiston',''),
  (3422,228,'Samarqand',''),
  (3423,228,'Sirdaryo',''),
  (3424,228,'Surkhondaryo',''),
  (3425,228,'Toshkent',''),
  (3426,229,'Ambrym',''),
  (3427,229,'Aoba',''),
  (3428,229,'Banks',''),
  (3429,229,'Efate',''),
  (3430,229,'Epi',''),
  (3431,229,'Malakula',''),
  (3432,229,'Paama',''),
  (3433,229,'Pentecote',''),
  (3434,229,'Santo',''),
  (3435,229,'Shepherd',''),
  (3436,229,'Tafea',''),
  (3437,231,'Amazonas',''),
  (3438,231,'Anzoategui',''),
  (3439,231,'Apure',''),
  (3440,231,'Aragua',''),
  (3441,231,'Barinas',''),
  (3442,231,'Bolivar',''),
  (3443,231,'Carabobo',''),
  (3444,231,'Cojedes',''),
  (3445,231,'Delta Amacuro',''),
  (3446,231,'Dependencias Federales',''),
  (3447,231,'Distrito Federal',''),
  (3448,231,'Falcon',''),
  (3449,231,'Guarico',''),
  (3450,231,'Lara',''),
  (3451,231,'Merida',''),
  (3452,231,'Miranda',''),
  (3453,231,'Monagas',''),
  (3454,231,'Nueva Esparta',''),
  (3455,231,'Portuguesa',''),
  (3456,231,'Sucre',''),
  (3457,231,'Tachira',''),
  (3458,231,'Trujillo',''),
  (3459,231,'Vargas',''),
  (3460,231,'Yaracuy',''),
  (3461,231,'Zulia',''),
  (3462,232,'An Giang',''),
  (3463,232,'Bac Thai',''),
  (3464,232,'Ba Ria-Vung Tau',''),
  (3465,232,'Ben Tre',''),
  (3466,232,'Binh Dinh',''),
  (3467,232,'Binh Thuan',''),
  (3468,232,'Can Tho',''),
  (3469,232,'Cao Bang',''),
  (3470,232,'Dac Lac',''),
  (3471,232,'Dong Nai',''),
  (3472,232,'Dong Thap',''),
  (3473,232,'Gia Lai',''),
  (3474,232,'Ha Bac',''),
  (3475,232,'Ha Giang',''),
  (3476,232,'Hai Hung',''),
  (3477,232,'Hai Phong',''),
  (3478,232,'Ha Noi',''),
  (3479,232,'Ha Tay',''),
  (3480,232,'Ha Tinh',''),
  (3481,232,'Hoa Binh',''),
  (3482,232,'Ho Chi Minh',''),
  (3483,232,'Khanh Hoa',''),
  (3484,232,'Kien Giang',''),
  (3485,232,'Kon Tum',''),
  (3486,232,'Lai Chau',''),
  (3487,232,'Lam Dong',''),
  (3488,232,'Lang Son',''),
  (3489,232,'Lao Cai',''),
  (3490,232,'Long An',''),
  (3491,232,'Minh Hai',''),
  (3492,232,'Nam Ha',''),
  (3493,232,'Nghe An',''),
  (3494,232,'Ninh Binh',''),
  (3495,232,'Ninh Thuan',''),
  (3496,232,'Phu Yen',''),
  (3497,232,'Quang Binh',''),
  (3498,232,'Quang Nam-Da Nang',''),
  (3499,232,'Quang Ngai',''),
  (3500,232,'Quang Ninh',''),
  (3501,232,'Quang Tri',''),
  (3502,232,'Soc Trang',''),
  (3503,232,'Song Be',''),
  (3504,232,'Son La',''),
  (3505,232,'Tay Ninh','');
COMMIT;

#
# Data for the `state` table  (LIMIT 3500,500)
#

INSERT INTO `state` (`id`, `country_id`, `title`, `abbreviation`) VALUES 
  (3506,232,'Thai Binh',''),
  (3507,232,'Thanh Hoa',''),
  (3508,232,'Thua Thien',''),
  (3509,232,'Tien Giang',''),
  (3510,232,'Tra Vinh',''),
  (3511,232,'Tuyen Quang',''),
  (3512,232,'Vinh Long',''),
  (3513,232,'Vinh Phu',''),
  (3514,232,'Yen Bai',''),
  (3515,241,'Central',''),
  (3516,241,'Copperbelt',''),
  (3517,241,'Eastern',''),
  (3518,241,'Luapula',''),
  (3519,241,'Lusaka',''),
  (3520,241,'Northern',''),
  (3521,241,'North-Western',''),
  (3522,241,'Southern',''),
  (3523,241,'Western',''),
  (3524,242,'Bulawayo',''),
  (3525,242,'Harare',''),
  (3526,242,'Manicaland',''),
  (3527,242,'Mashonaland Central',''),
  (3528,242,'Mashonaland East',''),
  (3529,242,'Mashonaland West',''),
  (3530,242,'Masvingo',''),
  (3531,242,'Matabeleland North',''),
  (3532,242,'Matabeleland South',''),
  (3533,242,'Midlands',''),
  (3534,251,'Al Istiwa`iyah',''),
  (3535,251,'Al Khartum',''),
  (3536,251,'Al Wusta',''),
  (3537,251,'Ash Shamaliyah',''),
  (3538,251,'Ash Sharqiyah',''),
  (3539,251,'Bahr al Ghazal',''),
  (3540,251,'Darfur',''),
  (3541,251,'Kurdufan',''),
  (3542,252,'Ajdabiya',''),
  (3543,252,'Al',''),
  (3544,252,'Al Fatih',''),
  (3545,252,'Al Jabal al Akhdar',''),
  (3546,252,'Al Jufrah',''),
  (3547,252,'Al Khums',''),
  (3548,252,'Al Kufrah',''),
  (3549,252,'An Nuqat al Khams',''),
  (3550,252,'Ash Shati`',''),
  (3551,252,'Awbari',''),
  (3552,252,'Az Zawiyah',''),
  (3553,252,'Banghazi',''),
  (3554,252,'Darnah',''),
  (3555,252,'Ghadamis',''),
  (3556,252,'Gharyan',''),
  (3557,252,'Misratah',''),
  (3558,252,'Murzuq',''),
  (3559,252,'Sabha',''),
  (3560,252,'Sawfajjin',''),
  (3561,252,'Surt',''),
  (3562,252,'Tarabulus',''),
  (3563,252,'Tarhunah',''),
  (3564,252,'Tubruq',''),
  (3565,252,'Yafran',''),
  (3566,252,'Zlitan',''),
  (3567,253,'Azarbayjan-e Bakhtari',''),
  (3568,253,'Azarbayjan-e Khavari',''),
  (3569,253,'Bakhtaran',''),
  (3570,253,'Bushehr',''),
  (3571,253,'Chahar Mahall va Bakhtiari',''),
  (3572,253,'Esfahan',''),
  (3573,253,'Fars',''),
  (3574,253,'Gilan',''),
  (3575,253,'Golestan',''),
  (3576,253,'Hamadan',''),
  (3577,253,'Hormozgan',''),
  (3578,253,'Ilam',''),
  (3579,253,'Kerman',''),
  (3580,253,'Khorasan',''),
  (3581,253,'Khuzestan',''),
  (3582,253,'Kohkiluyeh va Buyer Ahmadi',''),
  (3583,253,'Kordestan',''),
  (3584,253,'Lorestan',''),
  (3585,253,'Markazi',''),
  (3586,253,'Mazandaran',''),
  (3587,253,'Qazvin',''),
  (3588,253,'Qom',''),
  (3589,253,'Semnan',''),
  (3590,253,'Sistan va Baluchestan',''),
  (3591,253,'Tehran',''),
  (3592,253,'Yazd',''),
  (3593,253,'Zanjan',''),
  (3594,240,'Abyan',''),
  (3595,240,'Al Bayda`',''),
  (3596,240,'Al Hudaydah',''),
  (3597,240,'Al Jawf',''),
  (3598,240,'Al Mahrah',''),
  (3599,240,'Al Mahwit',''),
  (3600,240,'Dhamar',''),
  (3601,240,'Hadramawt',''),
  (3602,240,'Hajjah',''),
  (3603,240,'Ibb',''),
  (3604,240,'Lahij',''),
  (3605,240,'Ma`rib',''),
  (3606,240,'Sa',''),
  (3607,240,'San',''),
  (3608,240,'Shabwah',''),
  (3609,240,'Ta',''),
  (3610,250,'Chagang-do',''),
  (3611,250,'Hamgyong-bukto',''),
  (3612,250,'Hamgyong-namdo',''),
  (3613,250,'Hwanghae-bukto',''),
  (3614,250,'Hwanghae-namdo',''),
  (3615,250,'Kaesong-si',''),
  (3616,250,'Kangwon-do',''),
  (3617,250,'Najin Sonbong-si',''),
  (3618,250,'Namp`o-si',''),
  (3619,250,'P`yongan-bukto',''),
  (3620,250,'P`yongan-namdo',''),
  (3621,250,'P`yongyang-si',''),
  (3622,250,'Yanggang-do',''),
  (3623,255,'Ilhas',''),
  (3624,255,'Macau',''),
  (3635,258,'Gaza Strip',''),
  (3636,258,'West Bank','');
COMMIT;

#
# Data for the `user` table  (LIMIT 0,500)
#

INSERT INTO `user` (`id`, `user_role_id`, `status`, `email`, `password`, `name`, `company`, `address`, `city`, `state_id`, `zip`, `create_date`, `last_login_date`) VALUES 
  (2,255,1,'admin@admin.com','21232f297a57a5a743894a0e4a801fc3','MaDinStaNt','XPGraph',NULL,NULL,NULL,NULL,'2011-08-14 18:12:50','2012-01-15 22:31:21');
COMMIT;

#
# Data for the `user_role` table  (LIMIT 0,500)
#

INSERT INTO `user_role` (`id`, `title`, `description`) VALUES 
  (1,'Guest','Guest Account'),
  (10,'User','User Account'),
  (100,'Administrator','Administrator Account'),
  (255,'Global Administrator','Global Administrator Account');
COMMIT;

#
# Data for the `vk_user` table  (LIMIT 0,500)
#

INSERT INTO `vk_user` (`id`, `user_role_id`, `last_name`, `first_name`, `nickname`, `screen_name`, `sex`, `photo_filename`, `access_token`, `expires_in`, `last_login_date`, `create_date`) VALUES 
  (50006762,10,'Турчин','Артур','MaDinStaNt','madinstant',2,'a_fe744d97.jpg','2e96fe03637988fd2c6df4e9f22c47e54f22c6d2c6df4eb3cc8704aca50ba7a',1326742550,'2012-01-15 22:35:51','2012-01-15 21:54:50');
COMMIT;



/*!40101 SET CHARACTER_SET_CLIENT=@OLD_CHARACTER_SET_CLIENT */;
/*!40101 SET CHARACTER_SET_RESULTS=@OLD_CHARACTER_SET_RESULTS */;
/*!40101 SET COLLATION_CONNECTION=@OLD_COLLATION_CONNECTION */;